Bestellnummer;Bestelldatum;Lager;Pos;Artikelnummer;Bezeichnung;Menge;Einzelpreis;Waehrung;Liefertermin;Kunde
BH-5421254;17.09.2026;LEJ;1;MS9826768;Holiday Vault Set Exclusive;6;28,41;EUR;28.09.2026;BeautyHaus Online
BH-5421254;17.09.2026;LEJ;2;MS7000986;Lune Rouge Lacquer Nail Colour 145 Bordeaux;24;6,05;EUR;28.09.2026;BeautyHaus Online
BH-5421254;17.09.2026;LEJ;3;MS6020068;Mistral Hair Bond Rebuild Mask 200 ml;48;39,91;EUR;28.09.2026;BeautyHaus Online
BH-5421254;17.09.2026;LEJ;4;MS1850061;Solenne Paris Huile Précieuse Face Oil 30 ml;24;36,90;EUR;28.09.2026;BeautyHaus Online
BH-5421254;17.09.2026;LEJ;5;MS1070140;Solenne Paris Lotion Essentielle Toner 250 ml;36;67,43;EUR;28.09.2026;BeautyHaus Online
BH-5421254;17.09.2026;LEJ;6;MS7000122;Lune Rouge Lacquer Nail Colour 104 Cherry Gloss;24;5,94;EUR;28.09.2026;BeautyHaus Online
BH-5421254;17.09.2026;LEJ;7;MS4010583;Velour Cosmetics Velvet Matte Foundation 30 ml 3W Golden;48;19,54;EUR;28.09.2026;BeautyHaus Online
BH-5421254;17.09.2026;LEJ;8;MS4000958;Velour Cosmetics Satin Lip Colour 30 Fuchsia;24;13,05;EUR;28.09.2026;BeautyHaus Online
BH-5421254;17.09.2026;LEJ;9;MS7830190;Lune Rouge Glow Highlighter Champagne;24;11,94;EUR;28.09.2026;BeautyHaus Online
BH-5421254;17.09.2026;LEJ;10;MS3050040;Atelier Noor Cuir Fumé Extrait de Parfum 50 ml;18;110,51;EUR;28.09.2026;BeautyHaus Online
BH-5421254;17.09.2026;LEJ;11;MS4000134;Velour Cosmetics Satin Lip Colour 03 Petal;120;12,30;EUR;28.09.2026;BeautyHaus Online
