plant,material_id,on_hand,allocated,atp_qty,next_receipt_date,next_receipt_qty,snapshot_date
AE-JA,MS1000013,1871,208,1663,,,2026-09-01
AE-JA,MS1000137,502,60,442,,,2026-09-01
AE-JA,MS1000210,1714,155,1559,,,2026-09-01
AE-JA,MS1010090,1474,193,1281,,,2026-09-01
AE-JA,MS1010158,315,63,252,,,2026-09-01
AE-JA,MS1010278,435,47,388,,,2026-09-01
AE-JA,MS1020092,1859,71,1788,,,2026-09-01
AE-JA,MS1020161,95,94,1,2026-09-11,240,2026-09-01
AE-JA,MS1030011,47,46,1,2026-10-11,480,2026-09-01
AE-JA,MS1030143,1408,283,1125,,,2026-09-01
AE-JA,MS1040049,1846,272,1574,,,2026-09-01
AE-JA,MS1050061,616,192,424,,,2026-09-01
AE-JA,MS1060019,1191,125,1066,,,2026-09-01
AE-JA,MS1060170,969,8,961,,,2026-09-01
AE-JA,MS1070033,1805,233,1572,,,2026-09-01
AE-JA,MS1070140,634,187,447,,,2026-09-01
AE-JA,MS1810090,0,0,0,,,2026-09-01
AE-JA,MS1820092,0,0,0,,,2026-09-01
AE-JA,MS1840049,0,0,0,,,2026-09-01
AE-JA,MS1850061,0,0,0,,,2026-09-01
AE-JA,MS2000084,555,241,314,,,2026-09-01
AE-JA,MS2000175,399,48,351,,,2026-09-01
AE-JA,MS2000215,1946,166,1780,,,2026-09-01
AE-JA,MS2010060,465,192,273,,,2026-09-01
AE-JA,MS2010137,645,125,520,,,2026-09-01
AE-JA,MS2020048,767,220,547,,,2026-09-01
AE-JA,MS2020129,845,204,641,,,2026-09-01
AE-JA,MS2030016,697,24,673,,,2026-09-01
AE-JA,MS2030164,1893,244,1649,,,2026-09-01
AE-JA,MS2040026,337,45,292,,,2026-09-01
AE-JA,MS2040162,1721,72,1649,,,2026-09-01
AE-JA,MS2050041,572,58,514,,,2026-09-01
AE-JA,MS2050139,537,250,287,,,2026-09-01
AE-JA,MS2800215,0,0,0,,,2026-09-01
AE-JA,MS2850139,0,0,0,,,2026-09-01
AE-JA,MS3000078,1584,48,1536,,,2026-09-01
AE-JA,MS3000150,1379,65,1314,,,2026-09-01
AE-JA,MS3000278,750,142,608,,,2026-09-01
AE-JA,MS3010048,1778,171,1607,,,2026-09-01
AE-JA,MS3010166,953,148,805,,,2026-09-01
AE-JA,MS3010240,102,100,2,2026-09-28,480,2026-09-01
AE-JA,MS3020038,754,77,677,,,2026-09-01
AE-JA,MS3020181,614,8,606,,,2026-09-01
AE-JA,MS3030052,616,197,419,,,2026-09-01
AE-JA,MS3030152,837,256,581,,,2026-09-01
AE-JA,MS3040044,67,67,0,2026-09-14,240,2026-09-01
AE-JA,MS3040160,1706,241,1465,,,2026-09-01
AE-JA,MS3040237,1946,209,1737,,,2026-09-01
AE-JA,MS3050040,1899,100,1799,,,2026-09-01
AE-JA,MS3050124,58,58,0,2026-10-12,960,2026-09-01
AE-JA,MS3060057,461,81,380,,,2026-09-01
AE-JA,MS3060165,72,70,2,2026-09-22,960,2026-09-01
AE-JA,MS3800150,0,0,0,,,2026-09-01
AE-JA,MS3860057,0,0,0,,,2026-09-01
AE-JA,MS4000051,1586,143,1443,,,2026-09-01
AE-JA,MS4000134,892,172,720,,,2026-09-01
AE-JA,MS4000238,2003,271,1732,,,2026-09-01
AE-JA,MS4000380,1551,224,1327,,,2026-09-01
AE-JA,MS4000478,915,195,720,,,2026-09-01
AE-JA,MS4000547,22,18,4,2026-09-28,960,2026-09-01
AE-JA,MS4000699,1599,8,1591,,,2026-09-01
AE-JA,MS4000716,486,122,364,,,2026-09-01
AE-JA,MS4000882,938,149,789,,,2026-09-01
AE-JA,MS4000958,1050,42,1008,,,2026-09-01
AE-JA,MS4010022,1265,113,1152,,,2026-09-01
AE-JA,MS4010167,768,96,672,,,2026-09-01
AE-JA,MS4010290,1201,184,1017,,,2026-09-01
AE-JA,MS4010349,732,60,672,,,2026-09-01
AE-JA,MS4010466,930,258,672,,,2026-09-01
AE-JA,MS4010583,2033,273,1760,,,2026-09-01
AE-JA,MS4010684,1096,153,943,,,2026-09-01
AE-JA,MS4010798,630,126,504,,,2026-09-01
AE-JA,MS4010861,1181,238,943,,,2026-09-01
AE-JA,MS4010990,1297,145,1152,,,2026-09-01
AE-JA,MS4011090,1680,20,1660,,,2026-09-01
AE-JA,MS4011124,50,49,1,2026-10-25,480,2026-09-01
AE-JA,MS4020080,631,252,379,,,2026-09-01
AE-JA,MS4020174,1075,211,864,,,2026-09-01
AE-JA,MS4020252,738,155,583,,,2026-09-01
AE-JA,MS4020362,1533,279,1254,,,2026-09-01
AE-JA,MS4030052,107,99,8,2026-10-24,960,2026-09-01
AE-JA,MS4030143,1207,199,1008,,,2026-09-01
AE-JA,MS4030218,995,227,768,,,2026-09-01
AE-JA,MS4030315,1216,64,1152,,,2026-09-01
AE-JA,MS4800134,0,0,0,,,2026-09-01
AE-JA,MS4800380,0,0,0,,,2026-09-01
AE-JA,MS4800478,0,0,0,,,2026-09-01
AE-JA,MS4800716,0,0,0,,,2026-09-01
AE-JA,MS4800958,0,0,0,,,2026-09-01
AE-JA,MS4810167,0,0,0,,,2026-09-01
AE-JA,MS4810861,0,0,0,,,2026-09-01
AE-JA,MS4810990,0,0,0,,,2026-09-01
AE-JA,MS5000033,444,261,183,,,2026-09-01
AE-JA,MS5000191,1221,258,963,,,2026-09-01
AE-JA,MS5010085,1880,255,1625,,,2026-09-01
AE-JA,MS5010155,1767,154,1613,,,2026-09-01
AE-JA,MS5020046,1464,14,1450,,,2026-09-01
AE-JA,MS5030066,1238,257,981,,,2026-09-01
AE-JA,MS5040079,792,183,609,,,2026-09-01
AE-JA,MS5040119,1234,162,1072,,,2026-09-01
AE-JA,MS5050057,787,276,511,,,2026-09-01
AE-JA,MS6000088,666,19,647,,,2026-09-01
AE-JA,MS6000124,396,4,392,,,2026-09-01
AE-JA,MS6010029,1655,222,1433,,,2026-09-01
AE-JA,MS6010140,885,55,830,,,2026-09-01
AE-JA,MS6020068,637,288,349,,,2026-09-01
AE-JA,MS6020180,530,285,245,,,2026-09-01
AE-JA,MS6030079,1097,138,959,,,2026-09-01
AE-JA,MS6040043,1122,52,1070,,,2026-09-01
AE-JA,MS6040167,934,66,868,,,2026-09-01
AE-JA,MS6050064,1449,125,1324,,,2026-09-01
AE-JA,MS6050191,499,189,310,,,2026-09-01
AE-JA,MS6060099,592,120,472,,,2026-09-01
AE-JA,MS7000022,657,128,529,,,2026-09-01
AE-JA,MS7000122,86,83,3,2026-10-22,960,2026-09-01
AE-JA,MS7000295,1501,161,1340,,,2026-09-01
AE-JA,MS7000371,1193,166,1027,,,2026-09-01
AE-JA,MS7000489,1391,151,1240,,,2026-09-01
AE-JA,MS7000533,1109,193,916,,,2026-09-01
AE-JA,MS7000653,778,202,576,,,2026-09-01
AE-JA,MS7000716,815,287,528,,,2026-09-01
AE-JA,MS7000824,951,273,678,,,2026-09-01
AE-JA,MS7000986,1557,155,1402,,,2026-09-01
AE-JA,MS7010065,1225,64,1161,,,2026-09-01
AE-JA,MS7010115,1748,182,1566,,,2026-09-01
AE-JA,MS7010261,1348,70,1278,,,2026-09-01
AE-JA,MS7020061,87,87,0,2026-10-01,240,2026-09-01
AE-JA,MS7020177,563,19,544,,,2026-09-01
AE-JA,MS7030029,475,20,455,,,2026-09-01
AE-JA,MS7030190,870,294,576,,,2026-09-01
AE-JA,MS7030219,652,148,504,,,2026-09-01
AE-JA,MS7040059,1291,293,998,,,2026-09-01
AE-JA,MS7040117,1407,278,1129,,,2026-09-01
AE-JA,MS7040288,37,33,4,2026-10-29,480,2026-09-01
AE-JA,MS7800716,0,0,0,,,2026-09-01
AE-JA,MS7800986,0,0,0,,,2026-09-01
AE-JA,MS7810115,0,0,0,,,2026-09-01
AE-JA,MS7830190,0,0,0,,,2026-09-01
AE-JA,MS7840059,0,0,0,,,2026-09-01
AE-JA,MS7840117,0,0,0,,,2026-09-01
AE-JA,MS8000022,1576,227,1349,,,2026-09-01
AE-JA,MS8000149,842,18,824,,,2026-09-01
AE-JA,MS8010095,968,34,934,,,2026-09-01
AE-JA,MS8010127,1559,77,1482,,,2026-09-01
AE-JA,MS8020058,1503,273,1230,,,2026-09-01
AE-JA,MS8030088,1259,44,1215,,,2026-09-01
AE-JA,MS8040069,726,200,526,,,2026-09-01
AE-JA,MS8040171,1662,260,1402,,,2026-09-01
EU-FR,MS1000013,832,158,674,,,2026-09-01
EU-FR,MS1000137,741,197,544,,,2026-09-01
EU-FR,MS1000210,871,36,835,,,2026-09-01
EU-FR,MS1010090,696,77,619,,,2026-09-01
EU-FR,MS1010158,19,14,5,2026-10-29,480,2026-09-01
EU-FR,MS1010278,1397,53,1344,,,2026-09-01
EU-FR,MS1020092,377,5,372,,,2026-09-01
EU-FR,MS1020161,632,221,411,,,2026-09-01
EU-FR,MS1030011,1191,262,929,,,2026-09-01
EU-FR,MS1030143,1161,149,1012,,,2026-09-01
EU-FR,MS1040049,1167,147,1020,,,2026-09-01
EU-FR,MS1050061,1121,282,839,,,2026-09-01
EU-FR,MS1060019,912,52,860,,,2026-09-01
EU-FR,MS1060170,746,246,500,,,2026-09-01
EU-FR,MS1070033,766,81,685,,,2026-09-01
EU-FR,MS1070140,1302,38,1264,,,2026-09-01
EU-FR,MS1810090,0,0,0,,,2026-09-01
EU-FR,MS1820092,0,0,0,,,2026-09-01
EU-FR,MS1840049,0,0,0,,,2026-09-01
EU-FR,MS1850061,0,0,0,,,2026-09-01
EU-FR,MS2000084,1180,145,1035,,,2026-09-01
EU-FR,MS2000175,1661,138,1523,,,2026-09-01
EU-FR,MS2000215,733,79,654,,,2026-09-01
EU-FR,MS2010060,1061,253,808,,,2026-09-01
EU-FR,MS2010137,1466,187,1279,,,2026-09-01
EU-FR,MS2020048,827,255,572,,,2026-09-01
EU-FR,MS2020129,1435,101,1334,,,2026-09-01
EU-FR,MS2030016,1183,282,901,,,2026-09-01
EU-FR,MS2030164,1544,272,1272,,,2026-09-01
EU-FR,MS2040026,1207,57,1150,,,2026-09-01
EU-FR,MS2040162,863,196,667,,,2026-09-01
EU-FR,MS2050041,1322,287,1035,,,2026-09-01
EU-FR,MS2050139,1529,93,1436,,,2026-09-01
EU-FR,MS2800215,0,0,0,,,2026-09-01
EU-FR,MS2850139,0,0,0,,,2026-09-01
EU-FR,MS3000078,54,52,2,2026-09-15,480,2026-09-01
EU-FR,MS3000150,1402,292,1110,,,2026-09-01
EU-FR,MS3000278,1482,37,1445,,,2026-09-01
EU-FR,MS3010048,955,142,813,,,2026-09-01
EU-FR,MS3010166,1271,255,1016,,,2026-09-01
EU-FR,MS3010240,473,111,362,,,2026-09-01
EU-FR,MS3020038,1112,75,1037,,,2026-09-01
EU-FR,MS3020181,1499,141,1358,,,2026-09-01
EU-FR,MS3030052,1528,93,1435,,,2026-09-01
EU-FR,MS3030152,45,45,0,2026-10-22,960,2026-09-01
EU-FR,MS3040044,1677,300,1377,,,2026-09-01
EU-FR,MS3040160,824,34,790,,,2026-09-01
EU-FR,MS3040237,1004,270,734,,,2026-09-01
EU-FR,MS3050040,677,113,564,,,2026-09-01
EU-FR,MS3050124,1702,289,1413,,,2026-09-01
EU-FR,MS3060057,446,159,287,,,2026-09-01
EU-FR,MS3060165,568,186,382,,,2026-09-01
EU-FR,MS3800150,0,0,0,,,2026-09-01
EU-FR,MS3860057,0,0,0,,,2026-09-01
EU-FR,MS4000051,1536,38,1498,,,2026-09-01
EU-FR,MS4000134,1128,168,960,,,2026-09-01
EU-FR,MS4000238,1614,201,1413,,,2026-09-01
EU-FR,MS4000380,461,232,229,,,2026-09-01
EU-FR,MS4000478,740,260,480,,,2026-09-01
EU-FR,MS4000547,635,194,441,,,2026-09-01
EU-FR,MS4000699,114,108,6,2026-10-12,480,2026-09-01
EU-FR,MS4000716,691,89,602,,,2026-09-01
EU-FR,MS4000882,1280,300,980,,,2026-09-01
EU-FR,MS4000958,1604,30,1574,,,2026-09-01
EU-FR,MS4010022,580,61,519,,,2026-09-01
EU-FR,MS4010167,893,172,721,,,2026-09-01
EU-FR,MS4010290,1718,222,1496,,,2026-09-01
EU-FR,MS4010349,1454,39,1415,,,2026-09-01
EU-FR,MS4010466,1611,289,1322,,,2026-09-01
EU-FR,MS4010583,1743,142,1601,,,2026-09-01
EU-FR,MS4010684,568,85,483,,,2026-09-01
EU-FR,MS4010798,1416,51,1365,,,2026-09-01
EU-FR,MS4010861,1035,160,875,,,2026-09-01
EU-FR,MS4010990,282,28,254,,,2026-09-01
EU-FR,MS4011090,1481,248,1233,,,2026-09-01
EU-FR,MS4011124,230,71,159,,,2026-09-01
EU-FR,MS4020080,106,104,2,2026-10-25,960,2026-09-01
EU-FR,MS4020174,773,119,654,,,2026-09-01
EU-FR,MS4020252,544,296,248,,,2026-09-01
EU-FR,MS4020362,854,278,576,,,2026-09-01
EU-FR,MS4030052,513,81,432,,,2026-09-01
EU-FR,MS4030143,713,62,651,,,2026-09-01
EU-FR,MS4030218,1520,207,1313,,,2026-09-01
EU-FR,MS4030315,1068,153,915,,,2026-09-01
EU-FR,MS4800134,0,0,0,,,2026-09-01
EU-FR,MS4800380,0,0,0,,,2026-09-01
EU-FR,MS4800478,0,0,0,,,2026-09-01
EU-FR,MS4800716,0,0,0,,,2026-09-01
EU-FR,MS4800958,0,0,0,,,2026-09-01
EU-FR,MS4810167,0,0,0,,,2026-09-01
EU-FR,MS4810861,0,0,0,,,2026-09-01
EU-FR,MS4810990,0,0,0,,,2026-09-01
EU-FR,MS5000033,1288,129,1159,,,2026-09-01
EU-FR,MS5000191,1732,37,1695,,,2026-09-01
EU-FR,MS5010085,465,5,460,,,2026-09-01
EU-FR,MS5010155,749,265,484,,,2026-09-01
EU-FR,MS5020046,1343,248,1095,,,2026-09-01
EU-FR,MS5030066,1931,233,1698,,,2026-09-01
EU-FR,MS5040079,1626,86,1540,,,2026-09-01
EU-FR,MS5040119,1522,135,1387,,,2026-09-01
EU-FR,MS5050057,1550,285,1265,,,2026-09-01
EU-FR,MS6000088,772,70,702,,,2026-09-01
EU-FR,MS6000124,100,100,0,2026-09-21,480,2026-09-01
EU-FR,MS6010029,1099,167,932,,,2026-09-01
EU-FR,MS6010140,1107,279,828,,,2026-09-01
EU-FR,MS6020068,1509,189,1320,,,2026-09-01
EU-FR,MS6020180,1177,152,1025,,,2026-09-01
EU-FR,MS6030079,78,78,0,2026-10-14,960,2026-09-01
EU-FR,MS6040043,738,138,600,,,2026-09-01
EU-FR,MS6040167,1581,110,1471,,,2026-09-01
EU-FR,MS6050064,1602,151,1451,,,2026-09-01
EU-FR,MS6050191,1523,261,1262,,,2026-09-01
EU-FR,MS6060099,701,268,433,,,2026-09-01
EU-FR,MS7000022,1176,44,1132,,,2026-09-01
EU-FR,MS7000122,605,73,532,,,2026-09-01
EU-FR,MS7000295,31,27,4,2026-10-06,480,2026-09-01
EU-FR,MS7000371,1010,126,884,,,2026-09-01
EU-FR,MS7000489,1333,277,1056,,,2026-09-01
EU-FR,MS7000533,1484,282,1202,,,2026-09-01
EU-FR,MS7000653,1007,297,710,,,2026-09-01
EU-FR,MS7000716,1473,209,1264,,,2026-09-01
EU-FR,MS7000824,1273,48,1225,,,2026-09-01
EU-FR,MS7000986,1605,72,1533,,,2026-09-01
EU-FR,MS7010065,1616,53,1563,,,2026-09-01
EU-FR,MS7010115,1239,255,984,,,2026-09-01
EU-FR,MS7010261,956,231,725,,,2026-09-01
EU-FR,MS7020061,1344,127,1217,,,2026-09-01
EU-FR,MS7020177,1117,194,923,,,2026-09-01
EU-FR,MS7030029,1291,85,1206,,,2026-09-01
EU-FR,MS7030190,748,228,520,,,2026-09-01
EU-FR,MS7030219,1836,297,1539,,,2026-09-01
EU-FR,MS7040059,1331,248,1083,,,2026-09-01
EU-FR,MS7040117,1399,159,1240,,,2026-09-01
EU-FR,MS7040288,2016,258,1758,,,2026-09-01
EU-FR,MS7800716,0,0,0,,,2026-09-01
EU-FR,MS7800986,0,0,0,,,2026-09-01
EU-FR,MS7810115,0,0,0,,,2026-09-01
EU-FR,MS7830190,0,0,0,,,2026-09-01
EU-FR,MS7840059,0,0,0,,,2026-09-01
EU-FR,MS7840117,0,0,0,,,2026-09-01
EU-FR,MS8000022,1296,224,1072,,,2026-09-01
EU-FR,MS8000149,544,108,436,,,2026-09-01
EU-FR,MS8010095,359,27,332,,,2026-09-01
EU-FR,MS8010127,1874,118,1756,,,2026-09-01
EU-FR,MS8020058,722,72,650,,,2026-09-01
EU-FR,MS8030088,1008,153,855,,,2026-09-01
EU-FR,MS8040069,454,37,417,,,2026-09-01
EU-FR,MS8040171,1396,46,1350,,,2026-09-01
UK-MK,MS1000013,898,85,813,,,2026-09-01
UK-MK,MS1000137,1866,279,1587,,,2026-09-01
UK-MK,MS1000210,1026,35,991,,,2026-09-01
UK-MK,MS1010090,1481,79,1402,,,2026-09-01
UK-MK,MS1010158,1427,152,1275,,,2026-09-01
UK-MK,MS1010278,1895,242,1653,,,2026-09-01
UK-MK,MS1020092,1997,266,1731,,,2026-09-01
UK-MK,MS1020161,1045,241,804,,,2026-09-01
UK-MK,MS1030011,802,266,536,,,2026-09-01
UK-MK,MS1030143,1175,173,1002,,,2026-09-01
UK-MK,MS1040049,1106,99,1007,,,2026-09-01
UK-MK,MS1050061,840,177,663,,,2026-09-01
UK-MK,MS1060019,34,28,6,2026-11-05,240,2026-09-01
UK-MK,MS1060170,1273,259,1014,,,2026-09-01
UK-MK,MS1070033,688,4,684,,,2026-09-01
UK-MK,MS1070140,1631,80,1551,,,2026-09-01
UK-MK,MS1810090,0,0,0,,,2026-09-01
UK-MK,MS1820092,0,0,0,,,2026-09-01
UK-MK,MS1840049,0,0,0,,,2026-09-01
UK-MK,MS1850061,0,0,0,,,2026-09-01
UK-MK,MS2000084,1831,241,1590,,,2026-09-01
UK-MK,MS2000175,1532,223,1309,,,2026-09-01
UK-MK,MS2000215,1429,95,1334,,,2026-09-01
UK-MK,MS2010060,1680,144,1536,,,2026-09-01
UK-MK,MS2010137,645,276,369,,,2026-09-01
UK-MK,MS2020048,1041,38,1003,,,2026-09-01
UK-MK,MS2020129,668,231,437,,,2026-09-01
UK-MK,MS2030016,428,227,201,,,2026-09-01
UK-MK,MS2030164,1720,196,1524,,,2026-09-01
UK-MK,MS2040026,668,2,666,,,2026-09-01
UK-MK,MS2040162,1714,265,1449,,,2026-09-01
UK-MK,MS2050041,2004,218,1786,,,2026-09-01
UK-MK,MS2050139,1562,187,1375,,,2026-09-01
UK-MK,MS2800215,0,0,0,,,2026-09-01
UK-MK,MS2850139,0,0,0,,,2026-09-01
UK-MK,MS3000078,48,48,0,2026-09-14,480,2026-09-01
UK-MK,MS3000150,737,27,710,,,2026-09-01
UK-MK,MS3000278,1317,195,1122,,,2026-09-01
UK-MK,MS3010048,974,14,960,,,2026-09-01
UK-MK,MS3010166,600,94,506,,,2026-09-01
UK-MK,MS3010240,704,272,432,,,2026-09-01
UK-MK,MS3020038,1719,264,1455,,,2026-09-01
UK-MK,MS3020181,1948,148,1800,,,2026-09-01
UK-MK,MS3030052,391,30,361,,,2026-09-01
UK-MK,MS3030152,1066,267,799,,,2026-09-01
UK-MK,MS3040044,781,205,576,,,2026-09-01
UK-MK,MS3040160,1872,232,1640,,,2026-09-01
UK-MK,MS3040237,1386,295,1091,,,2026-09-01
UK-MK,MS3050040,1816,74,1742,,,2026-09-01
UK-MK,MS3050124,1342,259,1083,,,2026-09-01
UK-MK,MS3060057,1240,252,988,,,2026-09-01
UK-MK,MS3060165,1210,35,1175,,,2026-09-01
UK-MK,MS3800150,0,0,0,,,2026-09-01
UK-MK,MS3860057,0,0,0,,,2026-09-01
UK-MK,MS4000051,564,5,559,,,2026-09-01
UK-MK,MS4000134,785,220,565,,,2026-09-01
UK-MK,MS4000238,697,217,480,,,2026-09-01
UK-MK,MS4000380,1086,41,1045,,,2026-09-01
UK-MK,MS4000478,972,174,798,,,2026-09-01
UK-MK,MS4000547,1169,83,1086,,,2026-09-01
UK-MK,MS4000699,1528,252,1276,,,2026-09-01
UK-MK,MS4000716,1892,258,1634,,,2026-09-01
UK-MK,MS4000882,539,155,384,,,2026-09-01
UK-MK,MS4000958,649,121,528,,,2026-09-01
UK-MK,MS4010022,674,201,473,,,2026-09-01
UK-MK,MS4010167,1902,148,1754,,,2026-09-01
UK-MK,MS4010290,1509,218,1291,,,2026-09-01
UK-MK,MS4010349,1184,44,1140,,,2026-09-01
UK-MK,MS4010466,745,265,480,,,2026-09-01
UK-MK,MS4010583,1036,26,1010,,,2026-09-01
UK-MK,MS4010684,1822,294,1528,,,2026-09-01
UK-MK,MS4010798,1463,113,1350,,,2026-09-01
UK-MK,MS4010861,1800,74,1726,,,2026-09-01
UK-MK,MS4010990,757,85,672,,,2026-09-01
UK-MK,MS4011090,2061,261,1800,,,2026-09-01
UK-MK,MS4011124,737,152,585,,,2026-09-01
UK-MK,MS4020080,105,105,0,2026-09-16,960,2026-09-01
UK-MK,MS4020174,995,275,720,,,2026-09-01
UK-MK,MS4020252,1314,176,1138,,,2026-09-01
UK-MK,MS4020362,32,26,6,2026-11-06,480,2026-09-01
UK-MK,MS4030052,115,111,4,2026-10-03,480,2026-09-01
UK-MK,MS4030143,1412,43,1369,,,2026-09-01
UK-MK,MS4030218,1386,121,1265,,,2026-09-01
UK-MK,MS4030315,803,0,803,,,2026-09-01
UK-MK,MS4800134,0,0,0,,,2026-09-01
UK-MK,MS4800380,0,0,0,,,2026-09-01
UK-MK,MS4800478,0,0,0,,,2026-09-01
UK-MK,MS4800716,0,0,0,,,2026-09-01
UK-MK,MS4800958,0,0,0,,,2026-09-01
UK-MK,MS4810167,0,0,0,,,2026-09-01
UK-MK,MS4810861,0,0,0,,,2026-09-01
UK-MK,MS4810990,0,0,0,,,2026-09-01
UK-MK,MS5000033,71,70,1,2026-10-05,240,2026-09-01
UK-MK,MS5000191,582,150,432,,,2026-09-01
UK-MK,MS5010085,899,179,720,,,2026-09-01
UK-MK,MS5010155,81,81,0,2026-10-04,480,2026-09-01
UK-MK,MS5020046,566,86,480,,,2026-09-01
UK-MK,MS5030066,1217,32,1185,,,2026-09-01
UK-MK,MS5040079,39,39,0,2026-10-05,480,2026-09-01
UK-MK,MS5040119,1135,229,906,,,2026-09-01
UK-MK,MS5050057,1866,126,1740,,,2026-09-01
UK-MK,MS6000088,1290,43,1247,,,2026-09-01
UK-MK,MS6000124,1088,259,829,,,2026-09-01
UK-MK,MS6010029,1296,80,1216,,,2026-09-01
UK-MK,MS6010140,1060,155,905,,,2026-09-01
UK-MK,MS6020068,617,87,530,,,2026-09-01
UK-MK,MS6020180,1817,26,1791,,,2026-09-01
UK-MK,MS6030079,970,130,840,,,2026-09-01
UK-MK,MS6040043,45,40,5,2026-11-11,960,2026-09-01
UK-MK,MS6040167,895,242,653,,,2026-09-01
UK-MK,MS6050064,1062,102,960,,,2026-09-01
UK-MK,MS6050191,1114,15,1099,,,2026-09-01
UK-MK,MS6060099,1162,160,1002,,,2026-09-01
UK-MK,MS7000022,74,59,15,2026-09-17,240,2026-09-01
UK-MK,MS7000122,27,27,0,2026-10-22,240,2026-09-01
UK-MK,MS7000295,1330,52,1278,,,2026-09-01
UK-MK,MS7000371,881,168,713,,,2026-09-01
UK-MK,MS7000489,1881,278,1603,,,2026-09-01
UK-MK,MS7000533,1005,152,853,,,2026-09-01
UK-MK,MS7000653,1683,237,1446,,,2026-09-01
UK-MK,MS7000716,931,224,707,,,2026-09-01
UK-MK,MS7000824,2054,283,1771,,,2026-09-01
UK-MK,MS7000986,1774,298,1476,,,2026-09-01
UK-MK,MS7010065,264,45,219,,,2026-09-01
UK-MK,MS7010115,757,85,672,,,2026-09-01
UK-MK,MS7010261,1492,92,1400,,,2026-09-01
UK-MK,MS7020061,1517,195,1322,,,2026-09-01
UK-MK,MS7020177,1679,164,1515,,,2026-09-01
UK-MK,MS7030029,3,3,0,2026-09-26,240,2026-09-01
UK-MK,MS7030190,1108,269,839,,,2026-09-01
UK-MK,MS7030219,401,41,360,,,2026-09-01
UK-MK,MS7040059,802,165,637,,,2026-09-01
UK-MK,MS7040117,1333,52,1281,,,2026-09-01
UK-MK,MS7040288,1579,26,1553,,,2026-09-01
UK-MK,MS7800716,0,0,0,,,2026-09-01
UK-MK,MS7800986,0,0,0,,,2026-09-01
UK-MK,MS7810115,0,0,0,,,2026-09-01
UK-MK,MS7830190,0,0,0,,,2026-09-01
UK-MK,MS7840059,0,0,0,,,2026-09-01
UK-MK,MS7840117,0,0,0,,,2026-09-01
UK-MK,MS8000022,1505,15,1490,,,2026-09-01
UK-MK,MS8000149,87,87,0,2026-11-11,480,2026-09-01
UK-MK,MS8010095,460,96,364,,,2026-09-01
UK-MK,MS8010127,507,275,232,,,2026-09-01
UK-MK,MS8020058,1734,109,1625,,,2026-09-01
UK-MK,MS8030088,1868,217,1651,,,2026-09-01
UK-MK,MS8040069,1516,119,1397,,,2026-09-01
UK-MK,MS8040171,556,124,432,,,2026-09-01
US-NJ,MS1000013,726,169,557,,,2026-09-01
US-NJ,MS1000137,225,10,215,,,2026-09-01
US-NJ,MS1000210,1421,230,1191,,,2026-09-01
US-NJ,MS1010090,455,95,360,,,2026-09-01
US-NJ,MS1010158,1681,179,1502,,,2026-09-01
US-NJ,MS1010278,13,1,12,2026-09-24,960,2026-09-01
US-NJ,MS1020092,1341,6,1335,,,2026-09-01
US-NJ,MS1020161,77,75,2,2026-10-14,240,2026-09-01
US-NJ,MS1030011,1054,177,877,,,2026-09-01
US-NJ,MS1030143,1573,100,1473,,,2026-09-01
US-NJ,MS1040049,607,107,500,,,2026-09-01
US-NJ,MS1050061,1795,42,1753,,,2026-09-01
US-NJ,MS1060019,870,101,769,,,2026-09-01
US-NJ,MS1060170,65,65,0,2026-10-06,240,2026-09-01
US-NJ,MS1070033,1005,37,968,,,2026-09-01
US-NJ,MS1070140,687,251,436,,,2026-09-01
US-NJ,MS1810090,0,0,0,,,2026-09-01
US-NJ,MS1820092,0,0,0,,,2026-09-01
US-NJ,MS1840049,0,0,0,,,2026-09-01
US-NJ,MS1850061,0,0,0,,,2026-09-01
US-NJ,MS2000084,1344,7,1337,,,2026-09-01
US-NJ,MS2000175,1776,247,1529,,,2026-09-01
US-NJ,MS2000215,1283,117,1166,,,2026-09-01
US-NJ,MS2010060,1708,262,1446,,,2026-09-01
US-NJ,MS2010137,439,227,212,,,2026-09-01
US-NJ,MS2020048,1542,249,1293,,,2026-09-01
US-NJ,MS2020129,1404,270,1134,,,2026-09-01
US-NJ,MS2030016,673,101,572,,,2026-09-01
US-NJ,MS2030164,1579,97,1482,,,2026-09-01
US-NJ,MS2040026,1773,235,1538,,,2026-09-01
US-NJ,MS2040162,58,58,0,2026-09-16,240,2026-09-01
US-NJ,MS2050041,26,25,1,2026-10-06,960,2026-09-01
US-NJ,MS2050139,769,200,569,,,2026-09-01
US-NJ,MS2800215,0,0,0,,,2026-09-01
US-NJ,MS2850139,0,0,0,,,2026-09-01
US-NJ,MS3000078,1761,167,1594,,,2026-09-01
US-NJ,MS3000150,448,160,288,,,2026-09-01
US-NJ,MS3000278,839,191,648,,,2026-09-01
US-NJ,MS3010048,1079,120,959,,,2026-09-01
US-NJ,MS3010166,1842,147,1695,,,2026-09-01
US-NJ,MS3010240,1193,120,1073,,,2026-09-01
US-NJ,MS3020038,46,44,2,2026-10-11,240,2026-09-01
US-NJ,MS3020181,1570,64,1506,,,2026-09-01
US-NJ,MS3030052,720,225,495,,,2026-09-01
US-NJ,MS3030152,617,205,412,,,2026-09-01
US-NJ,MS3040044,984,264,720,,,2026-09-01
US-NJ,MS3040160,510,94,416,,,2026-09-01
US-NJ,MS3040237,488,8,480,,,2026-09-01
US-NJ,MS3050040,351,35,316,,,2026-09-01
US-NJ,MS3050124,1435,121,1314,,,2026-09-01
US-NJ,MS3060057,1621,294,1327,,,2026-09-01
US-NJ,MS3060165,1245,239,1006,,,2026-09-01
US-NJ,MS3800150,0,0,0,,,2026-09-01
US-NJ,MS3860057,0,0,0,,,2026-09-01
US-NJ,MS4000051,1067,140,927,,,2026-09-01
US-NJ,MS4000134,1799,268,1531,,,2026-09-01
US-NJ,MS4000238,683,107,576,,,2026-09-01
US-NJ,MS4000380,554,74,480,,,2026-09-01
US-NJ,MS4000478,590,85,505,,,2026-09-01
US-NJ,MS4000547,1414,149,1265,,,2026-09-01
US-NJ,MS4000699,458,47,411,,,2026-09-01
US-NJ,MS4000716,1736,19,1717,,,2026-09-01
US-NJ,MS4000882,916,148,768,,,2026-09-01
US-NJ,MS4000958,1019,192,827,,,2026-09-01
US-NJ,MS4010022,450,66,384,,,2026-09-01
US-NJ,MS4010167,873,297,576,,,2026-09-01
US-NJ,MS4010290,1247,93,1154,,,2026-09-01
US-NJ,MS4010349,711,231,480,,,2026-09-01
US-NJ,MS4010466,394,10,384,,,2026-09-01
US-NJ,MS4010583,50,50,0,2026-10-08,240,2026-09-01
US-NJ,MS4010684,654,222,432,,,2026-09-01
US-NJ,MS4010798,1515,59,1456,,,2026-09-01
US-NJ,MS4010861,1473,245,1228,,,2026-09-01
US-NJ,MS4010990,875,252,623,,,2026-09-01
US-NJ,MS4011090,983,116,867,,,2026-09-01
US-NJ,MS4011124,1076,67,1009,,,2026-09-01
US-NJ,MS4020080,640,7,633,,,2026-09-01
US-NJ,MS4020174,56,48,8,2026-10-10,960,2026-09-01
US-NJ,MS4020252,664,234,430,,,2026-09-01
US-NJ,MS4020362,75,62,13,2026-10-14,960,2026-09-01
US-NJ,MS4030052,1382,48,1334,,,2026-09-01
US-NJ,MS4030143,598,118,480,,,2026-09-01
US-NJ,MS4030218,1939,201,1738,,,2026-09-01
US-NJ,MS4030315,1936,158,1778,,,2026-09-01
US-NJ,MS4800134,0,0,0,,,2026-09-01
US-NJ,MS4800380,0,0,0,,,2026-09-01
US-NJ,MS4800478,0,0,0,,,2026-09-01
US-NJ,MS4800716,0,0,0,,,2026-09-01
US-NJ,MS4800958,0,0,0,,,2026-09-01
US-NJ,MS4810167,0,0,0,,,2026-09-01
US-NJ,MS4810861,0,0,0,,,2026-09-01
US-NJ,MS4810990,0,0,0,,,2026-09-01
US-NJ,MS5000033,772,14,758,,,2026-09-01
US-NJ,MS5000191,1626,270,1356,,,2026-09-01
US-NJ,MS5010085,1456,158,1298,,,2026-09-01
US-NJ,MS5010155,1026,123,903,,,2026-09-01
US-NJ,MS5020046,1148,52,1096,,,2026-09-01
US-NJ,MS5030066,118,113,5,2026-10-04,960,2026-09-01
US-NJ,MS5040079,2046,274,1772,,,2026-09-01
US-NJ,MS5040119,1111,210,901,,,2026-09-01
US-NJ,MS5050057,765,93,672,,,2026-09-01
US-NJ,MS6000088,461,77,384,,,2026-09-01
US-NJ,MS6000124,36,36,0,2026-09-22,480,2026-09-01
US-NJ,MS6010029,1767,184,1583,,,2026-09-01
US-NJ,MS6010140,1160,290,870,,,2026-09-01
US-NJ,MS6020068,117,117,0,2026-11-11,240,2026-09-01
US-NJ,MS6020180,662,265,397,,,2026-09-01
US-NJ,MS6030079,826,187,639,,,2026-09-01
US-NJ,MS6040043,1795,280,1515,,,2026-09-01
US-NJ,MS6040167,605,118,487,,,2026-09-01
US-NJ,MS6050064,696,4,692,,,2026-09-01
US-NJ,MS6050191,1824,35,1789,,,2026-09-01
US-NJ,MS6060099,1280,23,1257,,,2026-09-01
US-NJ,MS7000022,956,116,840,,,2026-09-01
US-NJ,MS7000122,1064,104,960,,,2026-09-01
US-NJ,MS7000295,580,138,442,,,2026-09-01
US-NJ,MS7000371,1822,94,1728,,,2026-09-01
US-NJ,MS7000489,52,52,0,2026-09-26,480,2026-09-01
US-NJ,MS7000533,1137,65,1072,,,2026-09-01
US-NJ,MS7000653,1676,176,1500,,,2026-09-01
US-NJ,MS7000716,656,236,420,,,2026-09-01
US-NJ,MS7000824,1426,151,1275,,,2026-09-01
US-NJ,MS7000986,1641,95,1546,,,2026-09-01
US-NJ,MS7010065,1169,296,873,,,2026-09-01
US-NJ,MS7010115,973,50,923,,,2026-09-01
US-NJ,MS7010261,910,115,795,,,2026-09-01
US-NJ,MS7020061,1264,256,1008,,,2026-09-01
US-NJ,MS7020177,1171,1,1170,,,2026-09-01
US-NJ,MS7030029,1825,250,1575,,,2026-09-01
US-NJ,MS7030190,1428,32,1396,,,2026-09-01
US-NJ,MS7030219,654,78,576,,,2026-09-01
US-NJ,MS7040059,1483,27,1456,,,2026-09-01
US-NJ,MS7040117,1099,33,1066,,,2026-09-01
US-NJ,MS7040288,1179,151,1028,,,2026-09-01
US-NJ,MS7800716,0,0,0,,,2026-09-01
US-NJ,MS7800986,0,0,0,,,2026-09-01
US-NJ,MS7810115,0,0,0,,,2026-09-01
US-NJ,MS7830190,0,0,0,,,2026-09-01
US-NJ,MS7840059,0,0,0,,,2026-09-01
US-NJ,MS7840117,0,0,0,,,2026-09-01
US-NJ,MS8000022,1788,74,1714,,,2026-09-01
US-NJ,MS8000149,1140,260,880,,,2026-09-01
US-NJ,MS8010095,1683,261,1422,,,2026-09-01
US-NJ,MS8010127,2011,277,1734,,,2026-09-01
US-NJ,MS8020058,1000,268,732,,,2026-09-01
US-NJ,MS8030088,1610,159,1451,,,2026-09-01
US-NJ,MS8040069,957,134,823,,,2026-09-01
US-NJ,MS8040171,412,92,320,,,2026-09-01
