sold_to_id,material_id,currency,net_price,valid_from,valid_to
100100,MS1000013,USD,31.03,2026-01-01,2026-12-31
100100,MS1000137,USD,44.16,2026-01-01,2026-12-31
100100,MS1000210,USD,63.05,2026-01-01,2026-12-31
100100,MS1010090,USD,26.43,2026-01-01,2026-12-31
100100,MS1010158,USD,40.48,2026-01-01,2026-12-31
100100,MS1010278,USD,54.18,2026-01-01,2026-12-31
100100,MS1020092,USD,40.79,2026-01-01,2026-12-31
100100,MS1020161,USD,59.42,2026-01-01,2026-12-31
100100,MS1030011,USD,43.99,2026-01-01,2026-12-31
100100,MS1030143,USD,59.69,2026-01-01,2026-12-31
100100,MS1040049,USD,22.69,2026-01-01,2026-12-31
100100,MS1050061,USD,37.13,2026-01-01,2026-12-31
100100,MS1060019,USD,38.97,2026-01-01,2026-12-31
100100,MS1060170,USD,46.06,2026-01-01,2026-12-31
100100,MS1070033,USD,46.24,2026-01-01,2026-12-31
100100,MS1070140,USD,69.44,2026-01-01,2026-12-31
100100,MS1810090,USD,26.55,2026-01-01,2026-12-31
100100,MS1820092,USD,40.71,2026-01-01,2026-12-31
100100,MS1840049,USD,22.75,2026-01-01,2026-12-31
100100,MS1850061,USD,38.19,2026-01-01,2026-12-31
100100,MS2000084,USD,22.48,2026-01-01,2026-12-31
100100,MS2000175,USD,32.22,2026-01-01,2026-12-31
100100,MS2000215,USD,50.49,2026-01-01,2026-12-31
100100,MS2010060,USD,15.95,2026-01-01,2026-12-31
100100,MS2010137,USD,24.21,2026-01-01,2026-12-31
100100,MS2020048,USD,20.79,2026-01-01,2026-12-31
100100,MS2020129,USD,31.9,2026-01-01,2026-12-31
100100,MS2030016,USD,14.36,2026-01-01,2026-12-31
100100,MS2030164,USD,21.81,2026-01-01,2026-12-31
100100,MS2040026,USD,18.36,2026-01-01,2026-12-31
100100,MS2040162,USD,29.22,2026-01-01,2026-12-31
100100,MS2050041,USD,17.61,2026-01-01,2026-12-31
100100,MS2050139,USD,25.38,2026-01-01,2026-12-31
100100,MS2800215,USD,50.16,2026-01-01,2026-12-31
100100,MS2850139,USD,25.5,2026-01-01,2026-12-31
100100,MS3000078,USD,60.56,2026-01-01,2026-12-31
100100,MS3000150,USD,83.11,2026-01-01,2026-12-31
100100,MS3000278,USD,120.8,2026-01-01,2026-12-31
100100,MS3010048,USD,54.82,2026-01-01,2026-12-31
100100,MS3010166,USD,75.65,2026-01-01,2026-12-31
100100,MS3010240,USD,117.79,2026-01-01,2026-12-31
100100,MS3020038,USD,59.46,2026-01-01,2026-12-31
100100,MS3020181,USD,91.47,2026-01-01,2026-12-31
100100,MS3030052,USD,53.64,2026-01-01,2026-12-31
100100,MS3030152,USD,82.55,2026-01-01,2026-12-31
100100,MS3040044,USD,49.75,2026-01-01,2026-12-31
100100,MS3040160,USD,66.07,2026-01-01,2026-12-31
100100,MS3040237,USD,101.27,2026-01-01,2026-12-31
100100,MS3050040,USD,110.31,2026-01-01,2026-12-31
100100,MS3050124,USD,166.14,2026-01-01,2026-12-31
100100,MS3060057,USD,69.57,2026-01-01,2026-12-31
100100,MS3060165,USD,111.27,2026-01-01,2026-12-31
100100,MS3800150,USD,83.72,2026-01-01,2026-12-31
100100,MS3860057,USD,68.83,2026-01-01,2026-12-31
100100,MS4000051,USD,12.35,2026-01-01,2026-12-31
100100,MS4000134,USD,12.13,2026-01-01,2026-12-31
100100,MS4000238,USD,12.37,2026-01-01,2026-12-31
100100,MS4000380,USD,13.6,2026-01-01,2026-12-31
100100,MS4000478,USD,12.22,2026-01-01,2026-12-31
100100,MS4000547,USD,13.48,2026-01-01,2026-12-31
100100,MS4000699,USD,12.69,2026-01-01,2026-12-31
100100,MS4000716,USD,12.32,2026-01-01,2026-12-31
100100,MS4000882,USD,12.24,2026-01-01,2026-12-31
100100,MS4000958,USD,13.39,2026-01-01,2026-12-31
100100,MS4010022,USD,19.69,2026-01-01,2026-12-31
100100,MS4010167,USD,17.97,2026-01-01,2026-12-31
100100,MS4010290,USD,19.22,2026-01-01,2026-12-31
100100,MS4010349,USD,17.82,2026-01-01,2026-12-31
100100,MS4010466,USD,18.71,2026-01-01,2026-12-31
100100,MS4010583,USD,19.72,2026-01-01,2026-12-31
100100,MS4010684,USD,18.12,2026-01-01,2026-12-31
100100,MS4010798,USD,18.3,2026-01-01,2026-12-31
100100,MS4010861,USD,17.79,2026-01-01,2026-12-31
100100,MS4010990,USD,19.25,2026-01-01,2026-12-31
100100,MS4011090,USD,17.92,2026-01-01,2026-12-31
100100,MS4011124,USD,19.65,2026-01-01,2026-12-31
100100,MS4020080,USD,13.7,2026-01-01,2026-12-31
100100,MS4020174,USD,15.07,2026-01-01,2026-12-31
100100,MS4020252,USD,14.19,2026-01-01,2026-12-31
100100,MS4020362,USD,14.57,2026-01-01,2026-12-31
100100,MS4030052,USD,10.37,2026-01-01,2026-12-31
100100,MS4030143,USD,9.81,2026-01-01,2026-12-31
100100,MS4030218,USD,9.59,2026-01-01,2026-12-31
100100,MS4030315,USD,10.46,2026-01-01,2026-12-31
100100,MS4800134,USD,12.21,2026-01-01,2026-12-31
100100,MS4800380,USD,13.59,2026-01-01,2026-12-31
100100,MS4800478,USD,12.56,2026-01-01,2026-12-31
100100,MS4800716,USD,12.63,2026-01-01,2026-12-31
100100,MS4800958,USD,13.15,2026-01-01,2026-12-31
100100,MS4810167,USD,17.63,2026-01-01,2026-12-31
100100,MS4810861,USD,17.83,2026-01-01,2026-12-31
100100,MS4810990,USD,18.9,2026-01-01,2026-12-31
100100,MS5000033,USD,15.08,2026-01-01,2026-12-31
100100,MS5000191,USD,22.42,2026-01-01,2026-12-31
100100,MS5010085,USD,15.48,2026-01-01,2026-12-31
100100,MS5010155,USD,22.47,2026-01-01,2026-12-31
100100,MS5020046,USD,21.65,2026-01-01,2026-12-31
100100,MS5030066,USD,10.11,2026-01-01,2026-12-31
100100,MS5040079,USD,17.06,2026-01-01,2026-12-31
100100,MS5040119,USD,27.11,2026-01-01,2026-12-31
100100,MS5050057,USD,11.43,2026-01-01,2026-12-31
100100,MS6000088,USD,26.51,2026-01-01,2026-12-31
100100,MS6000124,USD,32.86,2026-01-01,2026-12-31
100100,MS6010029,USD,27.84,2026-01-01,2026-12-31
100100,MS6010140,USD,31.37,2026-01-01,2026-12-31
100100,MS6020068,USD,39.62,2026-01-01,2026-12-31
100100,MS6020180,USD,47.28,2026-01-01,2026-12-31
100100,MS6030079,USD,22.8,2026-01-01,2026-12-31
100100,MS6040043,USD,22.74,2026-01-01,2026-12-31
100100,MS6040167,USD,37.61,2026-01-01,2026-12-31
100100,MS6050064,USD,31.44,2026-01-01,2026-12-31
100100,MS6050191,USD,33.09,2026-01-01,2026-12-31
100100,MS6060099,USD,18.51,2026-01-01,2026-12-31
100100,MS7000022,USD,6.15,2026-01-01,2026-12-31
100100,MS7000122,USD,5.89,2026-01-01,2026-12-31
100100,MS7000295,USD,6.26,2026-01-01,2026-12-31
100100,MS7000371,USD,6.01,2026-01-01,2026-12-31
100100,MS7000489,USD,6.52,2026-01-01,2026-12-31
100100,MS7000533,USD,6.05,2026-01-01,2026-12-31
100100,MS7000653,USD,6.09,2026-01-01,2026-12-31
100100,MS7000716,USD,6.38,2026-01-01,2026-12-31
100100,MS7000824,USD,6.42,2026-01-01,2026-12-31
100100,MS7000986,USD,6.18,2026-01-01,2026-12-31
100100,MS7010065,USD,8.76,2026-01-01,2026-12-31
100100,MS7010115,USD,9.54,2026-01-01,2026-12-31
100100,MS7010261,USD,9.18,2026-01-01,2026-12-31
100100,MS7020061,USD,10.37,2026-01-01,2026-12-31
100100,MS7020177,USD,10.66,2026-01-01,2026-12-31
100100,MS7030029,USD,11.23,2026-01-01,2026-12-31
100100,MS7030190,USD,11.62,2026-01-01,2026-12-31
100100,MS7030219,USD,11.23,2026-01-01,2026-12-31
100100,MS7040059,USD,8.49,2026-01-01,2026-12-31
100100,MS7040117,USD,8.39,2026-01-01,2026-12-31
100100,MS7040288,USD,8.36,2026-01-01,2026-12-31
100100,MS7800716,USD,6.43,2026-01-01,2026-12-31
100100,MS7800986,USD,6.24,2026-01-01,2026-12-31
100100,MS7810115,USD,9.62,2026-01-01,2026-12-31
100100,MS7830190,USD,11.68,2026-01-01,2026-12-31
100100,MS7840059,USD,8.29,2026-01-01,2026-12-31
100100,MS7840117,USD,8.39,2026-01-01,2026-12-31
100100,MS8000022,USD,47.46,2026-01-01,2026-12-31
100100,MS8000149,USD,67.55,2026-01-01,2026-12-31
100100,MS8010095,USD,46.71,2026-01-01,2026-12-31
100100,MS8010127,USD,63.97,2026-01-01,2026-12-31
100100,MS8020058,USD,63.58,2026-01-01,2026-12-31
100100,MS8030088,USD,25.75,2026-01-01,2026-12-31
100100,MS8040069,USD,50.54,2026-01-01,2026-12-31
100100,MS8040171,USD,61.7,2026-01-01,2026-12-31
100200,MS1810090,USD,27.84,2026-01-01,2026-12-31
100200,MS1820092,USD,43.08,2026-01-01,2026-12-31
100200,MS1840049,USD,23.7,2026-01-01,2026-12-31
100200,MS1850061,USD,39.71,2026-01-01,2026-12-31
100200,MS2000084,USD,24.28,2026-01-01,2026-12-31
100200,MS2000175,USD,33.72,2026-01-01,2026-12-31
100200,MS2000215,USD,53.44,2026-01-01,2026-12-31
100200,MS2010060,USD,16.83,2026-01-01,2026-12-31
100200,MS2010137,USD,25.3,2026-01-01,2026-12-31
100200,MS2020048,USD,22.0,2026-01-01,2026-12-31
100200,MS2020129,USD,33.62,2026-01-01,2026-12-31
100200,MS2030016,USD,15.53,2026-01-01,2026-12-31
100200,MS2030164,USD,23.05,2026-01-01,2026-12-31
100200,MS2040026,USD,19.52,2026-01-01,2026-12-31
100200,MS2040162,USD,31.27,2026-01-01,2026-12-31
100200,MS2050041,USD,18.54,2026-01-01,2026-12-31
100200,MS2050139,USD,27.28,2026-01-01,2026-12-31
100200,MS2800215,USD,54.13,2026-01-01,2026-12-31
100200,MS2850139,USD,26.79,2026-01-01,2026-12-31
100200,MS3000078,USD,63.77,2026-01-01,2026-12-31
100200,MS3000150,USD,88.93,2026-01-01,2026-12-31
100200,MS3000278,USD,125.21,2026-01-01,2026-12-31
100200,MS3010048,USD,60.14,2026-01-01,2026-12-31
100200,MS3010166,USD,77.91,2026-01-01,2026-12-31
100200,MS3010240,USD,125.19,2026-01-01,2026-12-31
100200,MS3020038,USD,62.12,2026-01-01,2026-12-31
100200,MS3020181,USD,95.8,2026-01-01,2026-12-31
100200,MS3030052,USD,56.67,2026-01-01,2026-12-31
100200,MS3030152,USD,84.96,2026-01-01,2026-12-31
100200,MS3040044,USD,52.37,2026-01-01,2026-12-31
100200,MS3040160,USD,71.58,2026-01-01,2026-12-31
100200,MS3040237,USD,103.6,2026-01-01,2026-12-31
100200,MS3050040,USD,117.4,2026-01-01,2026-12-31
100200,MS3050124,USD,177.33,2026-01-01,2026-12-31
100200,MS3060057,USD,74.78,2026-01-01,2026-12-31
100200,MS3060165,USD,114.06,2026-01-01,2026-12-31
100200,MS3800150,USD,87.18,2026-01-01,2026-12-31
100200,MS3860057,USD,74.65,2026-01-01,2026-12-31
100200,MS4000051,USD,12.87,2026-01-01,2026-12-31
100200,MS4000134,USD,12.82,2026-01-01,2026-12-31
100200,MS4000238,USD,12.88,2026-01-01,2026-12-31
100200,MS4000380,USD,14.25,2026-01-01,2026-12-31
100200,MS4000478,USD,13.03,2026-01-01,2026-12-31
100200,MS4000547,USD,14.03,2026-01-01,2026-12-31
100200,MS4000699,USD,13.74,2026-01-01,2026-12-31
100200,MS4000716,USD,13.23,2026-01-01,2026-12-31
100200,MS4000882,USD,13.15,2026-01-01,2026-12-31
100200,MS4000958,USD,14.22,2026-01-01,2026-12-31
100200,MS4010022,USD,20.87,2026-01-01,2026-12-31
100200,MS4010167,USD,18.62,2026-01-01,2026-12-31
100200,MS4010290,USD,20.12,2026-01-01,2026-12-31
100200,MS4010349,USD,19.15,2026-01-01,2026-12-31
100200,MS4010466,USD,19.9,2026-01-01,2026-12-31
100200,MS4010583,USD,20.83,2026-01-01,2026-12-31
100200,MS4010684,USD,19.11,2026-01-01,2026-12-31
100200,MS4010798,USD,19.65,2026-01-01,2026-12-31
100200,MS4010861,USD,18.61,2026-01-01,2026-12-31
100200,MS4010990,USD,19.97,2026-01-01,2026-12-31
100200,MS4011090,USD,18.86,2026-01-01,2026-12-31
100200,MS4011124,USD,20.36,2026-01-01,2026-12-31
100200,MS4020080,USD,14.81,2026-01-01,2026-12-31
100200,MS4020174,USD,15.82,2026-01-01,2026-12-31
100200,MS4020252,USD,15.19,2026-01-01,2026-12-31
100200,MS4020362,USD,15.76,2026-01-01,2026-12-31
100200,MS4030052,USD,11.29,2026-01-01,2026-12-31
100200,MS4030143,USD,10.48,2026-01-01,2026-12-31
100200,MS4030218,USD,10.22,2026-01-01,2026-12-31
100200,MS4030315,USD,10.84,2026-01-01,2026-12-31
100200,MS4800134,USD,12.92,2026-01-01,2026-12-31
100200,MS4800380,USD,14.01,2026-01-01,2026-12-31
100200,MS4800478,USD,13.22,2026-01-01,2026-12-31
100200,MS4800716,USD,13.27,2026-01-01,2026-12-31
100200,MS4800958,USD,14.12,2026-01-01,2026-12-31
100200,MS4810167,USD,18.66,2026-01-01,2026-12-31
100200,MS4810861,USD,19.2,2026-01-01,2026-12-31
100200,MS4810990,USD,19.85,2026-01-01,2026-12-31
100200,MS5000033,USD,15.63,2026-01-01,2026-12-31
100200,MS5000191,USD,23.02,2026-01-01,2026-12-31
100200,MS5010085,USD,16.65,2026-01-01,2026-12-31
100200,MS5010155,USD,23.69,2026-01-01,2026-12-31
100200,MS5020046,USD,22.81,2026-01-01,2026-12-31
100200,MS5030066,USD,10.6,2026-01-01,2026-12-31
100200,MS5040079,USD,18.15,2026-01-01,2026-12-31
100200,MS5040119,USD,28.57,2026-01-01,2026-12-31
100200,MS5050057,USD,12.24,2026-01-01,2026-12-31
100200,MS7000022,USD,6.59,2026-01-01,2026-12-31
100200,MS7000122,USD,6.24,2026-01-01,2026-12-31
100200,MS7000295,USD,6.63,2026-01-01,2026-12-31
100200,MS7000371,USD,6.37,2026-01-01,2026-12-31
100200,MS7000489,USD,6.77,2026-01-01,2026-12-31
100200,MS7000533,USD,6.61,2026-01-01,2026-12-31
100200,MS7000653,USD,6.44,2026-01-01,2026-12-31
100200,MS7000716,USD,6.86,2026-01-01,2026-12-31
100200,MS7000824,USD,6.83,2026-01-01,2026-12-31
100200,MS7000986,USD,6.49,2026-01-01,2026-12-31
100200,MS7010065,USD,9.35,2026-01-01,2026-12-31
100200,MS7010115,USD,10.37,2026-01-01,2026-12-31
100200,MS7010261,USD,9.7,2026-01-01,2026-12-31
100200,MS7020061,USD,10.86,2026-01-01,2026-12-31
100200,MS7020177,USD,10.97,2026-01-01,2026-12-31
100200,MS7030029,USD,11.81,2026-01-01,2026-12-31
100200,MS7030190,USD,12.52,2026-01-01,2026-12-31
100200,MS7030219,USD,11.71,2026-01-01,2026-12-31
100200,MS7040059,USD,8.72,2026-01-01,2026-12-31
100200,MS7040117,USD,8.87,2026-01-01,2026-12-31
100200,MS7040288,USD,8.65,2026-01-01,2026-12-31
100200,MS7800716,USD,6.75,2026-01-01,2026-12-31
100200,MS7800986,USD,6.64,2026-01-01,2026-12-31
100200,MS7810115,USD,10.17,2026-01-01,2026-12-31
100200,MS7830190,USD,12.69,2026-01-01,2026-12-31
100200,MS7840059,USD,8.83,2026-01-01,2026-12-31
100200,MS7840117,USD,8.82,2026-01-01,2026-12-31
100900,MS1810090,USD,29.26,2026-01-01,2026-12-31
100900,MS1820092,USD,46.19,2026-01-01,2026-12-31
100900,MS1840049,USD,25.31,2026-01-01,2026-12-31
100900,MS1850061,USD,41.09,2026-01-01,2026-12-31
100900,MS2000084,USD,25.73,2026-01-01,2026-12-31
100900,MS2000175,USD,34.65,2026-01-01,2026-12-31
100900,MS2000215,USD,56.27,2026-01-01,2026-12-31
100900,MS2010060,USD,17.92,2026-01-01,2026-12-31
100900,MS2010137,USD,26.43,2026-01-01,2026-12-31
100900,MS2020048,USD,23.29,2026-01-01,2026-12-31
100900,MS2020129,USD,35.66,2026-01-01,2026-12-31
100900,MS2030016,USD,16.2,2026-01-01,2026-12-31
100900,MS2030164,USD,23.74,2026-01-01,2026-12-31
100900,MS2040026,USD,20.63,2026-01-01,2026-12-31
100900,MS2040162,USD,33.59,2026-01-01,2026-12-31
100900,MS2050041,USD,19.78,2026-01-01,2026-12-31
100900,MS2050139,USD,28.74,2026-01-01,2026-12-31
100900,MS2800215,USD,56.11,2026-01-01,2026-12-31
100900,MS2850139,USD,28.17,2026-01-01,2026-12-31
100900,MS3800150,USD,90.57,2026-01-01,2026-12-31
100900,MS3860057,USD,78.93,2026-01-01,2026-12-31
100900,MS4800134,USD,13.5,2026-01-01,2026-12-31
100900,MS4800380,USD,15.0,2026-01-01,2026-12-31
100900,MS4800478,USD,13.76,2026-01-01,2026-12-31
100900,MS4800716,USD,14.0,2026-01-01,2026-12-31
100900,MS4800958,USD,14.56,2026-01-01,2026-12-31
100900,MS4810167,USD,19.75,2026-01-01,2026-12-31
100900,MS4810861,USD,20.14,2026-01-01,2026-12-31
100900,MS4810990,USD,21.17,2026-01-01,2026-12-31
100900,MS5000033,USD,16.57,2026-01-01,2026-12-31
100900,MS5000191,USD,24.5,2026-01-01,2026-12-31
100900,MS5010085,USD,17.59,2026-01-01,2026-12-31
100900,MS5010155,USD,24.46,2026-01-01,2026-12-31
100900,MS5020046,USD,23.41,2026-01-01,2026-12-31
100900,MS5030066,USD,11.2,2026-01-01,2026-12-31
100900,MS5040079,USD,18.93,2026-01-01,2026-12-31
100900,MS5040119,USD,29.99,2026-01-01,2026-12-31
100900,MS5050057,USD,13.01,2026-01-01,2026-12-31
100900,MS6000088,USD,29.54,2026-01-01,2026-12-31
100900,MS6000124,USD,35.91,2026-01-01,2026-12-31
100900,MS6010029,USD,31.76,2026-01-01,2026-12-31
100900,MS6010140,USD,35.27,2026-01-01,2026-12-31
100900,MS6020068,USD,44.27,2026-01-01,2026-12-31
100900,MS6020180,USD,54.31,2026-01-01,2026-12-31
100900,MS6030079,USD,26.27,2026-01-01,2026-12-31
100900,MS6040043,USD,25.82,2026-01-01,2026-12-31
100900,MS6040167,USD,42.03,2026-01-01,2026-12-31
100900,MS6050064,USD,34.89,2026-01-01,2026-12-31
100900,MS6050191,USD,37.58,2026-01-01,2026-12-31
100900,MS6060099,USD,20.68,2026-01-01,2026-12-31
100900,MS7000022,USD,6.78,2026-01-01,2026-12-31
100900,MS7000122,USD,6.63,2026-01-01,2026-12-31
100900,MS7000295,USD,6.99,2026-01-01,2026-12-31
100900,MS7000371,USD,6.7,2026-01-01,2026-12-31
100900,MS7000489,USD,7.21,2026-01-01,2026-12-31
100900,MS7000533,USD,6.97,2026-01-01,2026-12-31
100900,MS7000653,USD,6.91,2026-01-01,2026-12-31
100900,MS7000716,USD,7.19,2026-01-01,2026-12-31
100900,MS7000824,USD,7.08,2026-01-01,2026-12-31
100900,MS7000986,USD,6.77,2026-01-01,2026-12-31
100900,MS7010065,USD,9.88,2026-01-01,2026-12-31
100900,MS7010115,USD,10.84,2026-01-01,2026-12-31
100900,MS7010261,USD,10.22,2026-01-01,2026-12-31
100900,MS7020061,USD,11.32,2026-01-01,2026-12-31
100900,MS7020177,USD,11.52,2026-01-01,2026-12-31
100900,MS7030029,USD,12.14,2026-01-01,2026-12-31
100900,MS7030190,USD,13.4,2026-01-01,2026-12-31
100900,MS7030219,USD,12.63,2026-01-01,2026-12-31
100900,MS7040059,USD,9.36,2026-01-01,2026-12-31
100900,MS7040117,USD,9.13,2026-01-01,2026-12-31
100900,MS7040288,USD,9.19,2026-01-01,2026-12-31
100900,MS7800716,USD,7.24,2026-01-01,2026-12-31
100900,MS7800986,USD,6.85,2026-01-01,2026-12-31
100900,MS7810115,USD,11.02,2026-01-01,2026-12-31
100900,MS7830190,USD,13.04,2026-01-01,2026-12-31
100900,MS7840059,USD,9.42,2026-01-01,2026-12-31
100900,MS7840117,USD,9.26,2026-01-01,2026-12-31
100900,MS8000022,USD,52.2,2026-01-01,2026-12-31
100900,MS8000149,USD,77.58,2026-01-01,2026-12-31
100900,MS8010095,USD,52.01,2026-01-01,2026-12-31
100900,MS8010127,USD,69.74,2026-01-01,2026-12-31
100900,MS8020058,USD,72.69,2026-01-01,2026-12-31
100900,MS8030088,USD,28.96,2026-01-01,2026-12-31
100900,MS8040069,USD,57.8,2026-01-01,2026-12-31
100900,MS8040171,USD,69.15,2026-01-01,2026-12-31
200300,MS1000013,EUR,32.73,2026-01-01,2026-12-31
200300,MS1000137,EUR,45.44,2026-01-01,2026-12-31
200300,MS1000210,EUR,64.8,2026-01-01,2026-12-31
200300,MS1010090,EUR,27.69,2026-01-01,2026-12-31
200300,MS1010158,EUR,41.59,2026-01-01,2026-12-31
200300,MS1010278,EUR,54.87,2026-01-01,2026-12-31
200300,MS1020092,EUR,41.46,2026-01-01,2026-12-31
200300,MS1020161,EUR,59.0,2026-01-01,2026-12-31
200300,MS1030011,EUR,46.04,2026-01-01,2026-12-31
200300,MS1030143,EUR,60.22,2026-01-01,2026-12-31
200300,MS1040049,EUR,23.69,2026-01-01,2026-12-31
200300,MS1050061,EUR,38.22,2026-01-01,2026-12-31
200300,MS1060019,EUR,39.62,2026-01-01,2026-12-31
200300,MS1060170,EUR,47.54,2026-01-01,2026-12-31
200300,MS1070033,EUR,46.99,2026-01-01,2026-12-31
200300,MS1070140,EUR,70.01,2026-01-01,2026-12-31
200300,MS1810090,EUR,27.66,2026-01-01,2026-12-31
200300,MS1820092,EUR,41.99,2026-01-01,2026-12-31
200300,MS1840049,EUR,23.5,2026-01-01,2026-12-31
200300,MS1850061,EUR,38.96,2026-01-01,2026-12-31
200300,MS2000084,EUR,23.42,2026-01-01,2026-12-31
200300,MS2000175,EUR,32.04,2026-01-01,2026-12-31
200300,MS2000215,EUR,52.25,2026-01-01,2026-12-31
200300,MS2010060,EUR,16.74,2026-01-01,2026-12-31
200300,MS2010137,EUR,25.06,2026-01-01,2026-12-31
200300,MS2020048,EUR,21.58,2026-01-01,2026-12-31
200300,MS2020129,EUR,32.53,2026-01-01,2026-12-31
200300,MS2030016,EUR,14.88,2026-01-01,2026-12-31
200300,MS2030164,EUR,21.72,2026-01-01,2026-12-31
200300,MS2040026,EUR,18.44,2026-01-01,2026-12-31
200300,MS2040162,EUR,30.4,2026-01-01,2026-12-31
200300,MS2050041,EUR,17.88,2026-01-01,2026-12-31
200300,MS2050139,EUR,26.05,2026-01-01,2026-12-31
200300,MS2800215,EUR,51.78,2026-01-01,2026-12-31
200300,MS2850139,EUR,25.68,2026-01-01,2026-12-31
200300,MS3800150,EUR,86.48,2026-01-01,2026-12-31
200300,MS3860057,EUR,72.24,2026-01-01,2026-12-31
200300,MS4800134,EUR,12.58,2026-01-01,2026-12-31
200300,MS4800380,EUR,13.89,2026-01-01,2026-12-31
200300,MS4800478,EUR,12.74,2026-01-01,2026-12-31
200300,MS4800716,EUR,12.79,2026-01-01,2026-12-31
200300,MS4800958,EUR,13.6,2026-01-01,2026-12-31
200300,MS4810167,EUR,17.97,2026-01-01,2026-12-31
200300,MS4810861,EUR,18.17,2026-01-01,2026-12-31
200300,MS4810990,EUR,19.73,2026-01-01,2026-12-31
200300,MS5000033,EUR,15.48,2026-01-01,2026-12-31
200300,MS5000191,EUR,22.65,2026-01-01,2026-12-31
200300,MS5010085,EUR,15.94,2026-01-01,2026-12-31
200300,MS5010155,EUR,22.92,2026-01-01,2026-12-31
200300,MS5020046,EUR,22.0,2026-01-01,2026-12-31
200300,MS5030066,EUR,10.57,2026-01-01,2026-12-31
200300,MS5040079,EUR,18.0,2026-01-01,2026-12-31
200300,MS5040119,EUR,27.4,2026-01-01,2026-12-31
200300,MS5050057,EUR,11.63,2026-01-01,2026-12-31
200300,MS6000088,EUR,27.32,2026-01-01,2026-12-31
200300,MS6000124,EUR,33.19,2026-01-01,2026-12-31
200300,MS6010029,EUR,29.1,2026-01-01,2026-12-31
200300,MS6010140,EUR,31.99,2026-01-01,2026-12-31
200300,MS6020068,EUR,41.59,2026-01-01,2026-12-31
200300,MS6020180,EUR,49.9,2026-01-01,2026-12-31
200300,MS6030079,EUR,23.78,2026-01-01,2026-12-31
200300,MS6040043,EUR,23.27,2026-01-01,2026-12-31
200300,MS6040167,EUR,38.6,2026-01-01,2026-12-31
200300,MS6050064,EUR,31.98,2026-01-01,2026-12-31
200300,MS6050191,EUR,34.64,2026-01-01,2026-12-31
200300,MS6060099,EUR,19.01,2026-01-01,2026-12-31
200300,MS7800716,EUR,6.5,2026-01-01,2026-12-31
200300,MS7800986,EUR,6.25,2026-01-01,2026-12-31
200300,MS7810115,EUR,10.06,2026-01-01,2026-12-31
200300,MS7830190,EUR,12.3,2026-01-01,2026-12-31
200300,MS7840059,EUR,8.61,2026-01-01,2026-12-31
200300,MS7840117,EUR,8.44,2026-01-01,2026-12-31
200400,MS1000013,EUR,33.5,2026-01-01,2026-12-31
200400,MS1000137,EUR,45.94,2026-01-01,2026-12-31
200400,MS1000210,EUR,66.63,2026-01-01,2026-12-31
200400,MS1010090,EUR,28.57,2026-01-01,2026-12-31
200400,MS1010158,EUR,43.23,2026-01-01,2026-12-31
200400,MS1010278,EUR,56.49,2026-01-01,2026-12-31
200400,MS1020092,EUR,44.07,2026-01-01,2026-12-31
200400,MS1020161,EUR,60.83,2026-01-01,2026-12-31
200400,MS1030011,EUR,46.85,2026-01-01,2026-12-31
200400,MS1030143,EUR,63.22,2026-01-01,2026-12-31
200400,MS1040049,EUR,23.66,2026-01-01,2026-12-31
200400,MS1050061,EUR,40.41,2026-01-01,2026-12-31
200400,MS1060019,EUR,40.54,2026-01-01,2026-12-31
200400,MS1060170,EUR,50.0,2026-01-01,2026-12-31
200400,MS1070033,EUR,48.8,2026-01-01,2026-12-31
200400,MS1070140,EUR,73.55,2026-01-01,2026-12-31
200400,MS1810090,EUR,28.02,2026-01-01,2026-12-31
200400,MS1820092,EUR,43.23,2026-01-01,2026-12-31
200400,MS1840049,EUR,24.35,2026-01-01,2026-12-31
200400,MS1850061,EUR,39.13,2026-01-01,2026-12-31
200400,MS2800215,EUR,52.9,2026-01-01,2026-12-31
200400,MS2850139,EUR,27.24,2026-01-01,2026-12-31
200400,MS3000078,EUR,64.84,2026-01-01,2026-12-31
200400,MS3000150,EUR,89.01,2026-01-01,2026-12-31
200400,MS3000278,EUR,127.76,2026-01-01,2026-12-31
200400,MS3010048,EUR,59.01,2026-01-01,2026-12-31
200400,MS3010166,EUR,79.58,2026-01-01,2026-12-31
200400,MS3010240,EUR,125.73,2026-01-01,2026-12-31
200400,MS3020038,EUR,64.34,2026-01-01,2026-12-31
200400,MS3020181,EUR,96.44,2026-01-01,2026-12-31
200400,MS3030052,EUR,56.04,2026-01-01,2026-12-31
200400,MS3030152,EUR,86.38,2026-01-01,2026-12-31
200400,MS3040044,EUR,52.14,2026-01-01,2026-12-31
200400,MS3040160,EUR,69.96,2026-01-01,2026-12-31
200400,MS3040237,EUR,107.83,2026-01-01,2026-12-31
200400,MS3050040,EUR,115.24,2026-01-01,2026-12-31
200400,MS3050124,EUR,176.41,2026-01-01,2026-12-31
200400,MS3060057,EUR,75.89,2026-01-01,2026-12-31
200400,MS3060165,EUR,116.21,2026-01-01,2026-12-31
200400,MS3800150,EUR,87.3,2026-01-01,2026-12-31
200400,MS3860057,EUR,74.01,2026-01-01,2026-12-31
200400,MS4800134,EUR,13.06,2026-01-01,2026-12-31
200400,MS4800380,EUR,14.1,2026-01-01,2026-12-31
200400,MS4800478,EUR,12.96,2026-01-01,2026-12-31
200400,MS4800716,EUR,13.41,2026-01-01,2026-12-31
200400,MS4800958,EUR,13.99,2026-01-01,2026-12-31
200400,MS4810167,EUR,18.48,2026-01-01,2026-12-31
200400,MS4810861,EUR,19.08,2026-01-01,2026-12-31
200400,MS4810990,EUR,20.5,2026-01-01,2026-12-31
200400,MS7800716,EUR,6.85,2026-01-01,2026-12-31
200400,MS7800986,EUR,6.62,2026-01-01,2026-12-31
200400,MS7810115,EUR,10.41,2026-01-01,2026-12-31
200400,MS7830190,EUR,12.41,2026-01-01,2026-12-31
200400,MS7840059,EUR,9.06,2026-01-01,2026-12-31
200400,MS7840117,EUR,8.75,2026-01-01,2026-12-31
200600,MS1000013,EUR,31.43,2026-01-01,2026-12-31
200600,MS1000137,EUR,42.7,2026-01-01,2026-12-31
200600,MS1000210,EUR,62.81,2026-01-01,2026-12-31
200600,MS1010090,EUR,25.94,2026-01-01,2026-12-31
200600,MS1010158,EUR,39.65,2026-01-01,2026-12-31
200600,MS1010278,EUR,53.29,2026-01-01,2026-12-31
200600,MS1020092,EUR,39.79,2026-01-01,2026-12-31
200600,MS1020161,EUR,57.63,2026-01-01,2026-12-31
200600,MS1030011,EUR,44.81,2026-01-01,2026-12-31
200600,MS1030143,EUR,59.02,2026-01-01,2026-12-31
200600,MS1040049,EUR,22.7,2026-01-01,2026-12-31
200600,MS1050061,EUR,36.9,2026-01-01,2026-12-31
200600,MS1060019,EUR,37.79,2026-01-01,2026-12-31
200600,MS1060170,EUR,46.02,2026-01-01,2026-12-31
200600,MS1070033,EUR,45.84,2026-01-01,2026-12-31
200600,MS1070140,EUR,67.43,2026-01-01,2026-12-31
200600,MS1810090,EUR,26.34,2026-01-01,2026-12-31
200600,MS1820092,EUR,41.19,2026-01-01,2026-12-31
200600,MS1840049,EUR,22.59,2026-01-01,2026-12-31
200600,MS1850061,EUR,37.83,2026-01-01,2026-12-31
200600,MS2000084,EUR,22.91,2026-01-01,2026-12-31
200600,MS2000175,EUR,31.65,2026-01-01,2026-12-31
200600,MS2000215,EUR,49.59,2026-01-01,2026-12-31
200600,MS2010060,EUR,15.89,2026-01-01,2026-12-31
200600,MS2010137,EUR,24.25,2026-01-01,2026-12-31
200600,MS2020048,EUR,21.18,2026-01-01,2026-12-31
200600,MS2020129,EUR,31.54,2026-01-01,2026-12-31
200600,MS2030016,EUR,14.61,2026-01-01,2026-12-31
200600,MS2030164,EUR,21.23,2026-01-01,2026-12-31
200600,MS2040026,EUR,18.3,2026-01-01,2026-12-31
200600,MS2040162,EUR,29.09,2026-01-01,2026-12-31
200600,MS2050041,EUR,17.82,2026-01-01,2026-12-31
200600,MS2050139,EUR,24.78,2026-01-01,2026-12-31
200600,MS2800215,EUR,50.8,2026-01-01,2026-12-31
200600,MS2850139,EUR,25.69,2026-01-01,2026-12-31
200600,MS3000078,EUR,60.16,2026-01-01,2026-12-31
200600,MS3000150,EUR,82.34,2026-01-01,2026-12-31
200600,MS3000278,EUR,119.64,2026-01-01,2026-12-31
200600,MS3010048,EUR,54.15,2026-01-01,2026-12-31
200600,MS3010166,EUR,73.44,2026-01-01,2026-12-31
200600,MS3010240,EUR,117.23,2026-01-01,2026-12-31
200600,MS3020038,EUR,59.02,2026-01-01,2026-12-31
200600,MS3020181,EUR,89.78,2026-01-01,2026-12-31
200600,MS3030052,EUR,51.76,2026-01-01,2026-12-31
200600,MS3030152,EUR,79.57,2026-01-01,2026-12-31
200600,MS3040044,EUR,49.42,2026-01-01,2026-12-31
200600,MS3040160,EUR,65.96,2026-01-01,2026-12-31
200600,MS3040237,EUR,100.57,2026-01-01,2026-12-31
200600,MS3050040,EUR,110.51,2026-01-01,2026-12-31
200600,MS3050124,EUR,161.82,2026-01-01,2026-12-31
200600,MS3060057,EUR,68.95,2026-01-01,2026-12-31
200600,MS3060165,EUR,106.43,2026-01-01,2026-12-31
200600,MS3800150,EUR,82.26,2026-01-01,2026-12-31
200600,MS3860057,EUR,69.24,2026-01-01,2026-12-31
200600,MS4000051,EUR,12.02,2026-01-01,2026-12-31
200600,MS4000134,EUR,12.3,2026-01-01,2026-12-31
200600,MS4000238,EUR,12.19,2026-01-01,2026-12-31
200600,MS4000380,EUR,13.6,2026-01-01,2026-12-31
200600,MS4000478,EUR,12.25,2026-01-01,2026-12-31
200600,MS4000547,EUR,13.3,2026-01-01,2026-12-31
200600,MS4000699,EUR,12.86,2026-01-01,2026-12-31
200600,MS4000716,EUR,12.35,2026-01-01,2026-12-31
200600,MS4000882,EUR,12.37,2026-01-01,2026-12-31
200600,MS4000958,EUR,13.05,2026-01-01,2026-12-31
200600,MS4010022,EUR,19.33,2026-01-01,2026-12-31
200600,MS4010167,EUR,17.19,2026-01-01,2026-12-31
200600,MS4010290,EUR,19.33,2026-01-01,2026-12-31
200600,MS4010349,EUR,17.35,2026-01-01,2026-12-31
200600,MS4010466,EUR,18.34,2026-01-01,2026-12-31
200600,MS4010583,EUR,19.54,2026-01-01,2026-12-31
200600,MS4010684,EUR,18.13,2026-01-01,2026-12-31
200600,MS4010798,EUR,18.03,2026-01-01,2026-12-31
200600,MS4010861,EUR,17.95,2026-01-01,2026-12-31
200600,MS4010990,EUR,18.76,2026-01-01,2026-12-31
200600,MS4011090,EUR,17.52,2026-01-01,2026-12-31
200600,MS4011124,EUR,19.12,2026-01-01,2026-12-31
200600,MS4020080,EUR,14.05,2026-01-01,2026-12-31
200600,MS4020174,EUR,14.57,2026-01-01,2026-12-31
200600,MS4020252,EUR,14.3,2026-01-01,2026-12-31
200600,MS4020362,EUR,14.44,2026-01-01,2026-12-31
200600,MS4030052,EUR,10.22,2026-01-01,2026-12-31
200600,MS4030143,EUR,9.87,2026-01-01,2026-12-31
200600,MS4030218,EUR,9.39,2026-01-01,2026-12-31
200600,MS4030315,EUR,10.16,2026-01-01,2026-12-31
200600,MS4800134,EUR,11.96,2026-01-01,2026-12-31
200600,MS4800380,EUR,13.45,2026-01-01,2026-12-31
200600,MS4800478,EUR,12.16,2026-01-01,2026-12-31
200600,MS4800716,EUR,12.28,2026-01-01,2026-12-31
200600,MS4800958,EUR,12.9,2026-01-01,2026-12-31
200600,MS4810167,EUR,17.66,2026-01-01,2026-12-31
200600,MS4810861,EUR,17.67,2026-01-01,2026-12-31
200600,MS4810990,EUR,18.58,2026-01-01,2026-12-31
200600,MS5000033,EUR,14.8,2026-01-01,2026-12-31
200600,MS5000191,EUR,22.04,2026-01-01,2026-12-31
200600,MS5010085,EUR,15.41,2026-01-01,2026-12-31
200600,MS5010155,EUR,22.11,2026-01-01,2026-12-31
200600,MS5020046,EUR,21.5,2026-01-01,2026-12-31
200600,MS5030066,EUR,9.88,2026-01-01,2026-12-31
200600,MS5040079,EUR,17.3,2026-01-01,2026-12-31
200600,MS5040119,EUR,26.6,2026-01-01,2026-12-31
200600,MS5050057,EUR,11.47,2026-01-01,2026-12-31
200600,MS6000088,EUR,26.71,2026-01-01,2026-12-31
200600,MS6000124,EUR,32.08,2026-01-01,2026-12-31
200600,MS6010029,EUR,28.11,2026-01-01,2026-12-31
200600,MS6010140,EUR,30.31,2026-01-01,2026-12-31
200600,MS6020068,EUR,39.91,2026-01-01,2026-12-31
200600,MS6020180,EUR,48.21,2026-01-01,2026-12-31
200600,MS6030079,EUR,22.88,2026-01-01,2026-12-31
200600,MS6040043,EUR,22.34,2026-01-01,2026-12-31
200600,MS6040167,EUR,37.14,2026-01-01,2026-12-31
200600,MS6050064,EUR,31.2,2026-01-01,2026-12-31
200600,MS6050191,EUR,32.81,2026-01-01,2026-12-31
200600,MS6060099,EUR,18.75,2026-01-01,2026-12-31
200600,MS7000022,EUR,6.22,2026-01-01,2026-12-31
200600,MS7000122,EUR,5.94,2026-01-01,2026-12-31
200600,MS7000295,EUR,6.1,2026-01-01,2026-12-31
200600,MS7000371,EUR,5.87,2026-01-01,2026-12-31
200600,MS7000489,EUR,6.29,2026-01-01,2026-12-31
200600,MS7000533,EUR,6.16,2026-01-01,2026-12-31
200600,MS7000653,EUR,6.04,2026-01-01,2026-12-31
200600,MS7000716,EUR,6.23,2026-01-01,2026-12-31
200600,MS7000824,EUR,6.41,2026-01-01,2026-12-31
200600,MS7000986,EUR,6.05,2026-01-01,2026-12-31
200600,MS7010065,EUR,8.71,2026-01-01,2026-12-31
200600,MS7010115,EUR,9.57,2026-01-01,2026-12-31
200600,MS7010261,EUR,9.15,2026-01-01,2026-12-31
200600,MS7020061,EUR,10.42,2026-01-01,2026-12-31
200600,MS7020177,EUR,10.27,2026-01-01,2026-12-31
200600,MS7030029,EUR,11.0,2026-01-01,2026-12-31
200600,MS7030190,EUR,11.94,2026-01-01,2026-12-31
200600,MS7030219,EUR,10.97,2026-01-01,2026-12-31
200600,MS7040059,EUR,8.49,2026-01-01,2026-12-31
200600,MS7040117,EUR,8.14,2026-01-01,2026-12-31
200600,MS7040288,EUR,8.31,2026-01-01,2026-12-31
200600,MS7800716,EUR,6.33,2026-01-01,2026-12-31
200600,MS7800986,EUR,6.19,2026-01-01,2026-12-31
200600,MS7810115,EUR,9.61,2026-01-01,2026-12-31
200600,MS7830190,EUR,11.74,2026-01-01,2026-12-31
200600,MS7840059,EUR,8.42,2026-01-01,2026-12-31
200600,MS7840117,EUR,8.1,2026-01-01,2026-12-31
200651,MS1000013,EUR,32.49,2026-01-01,2026-12-31
200651,MS1000137,EUR,45.14,2026-01-01,2026-12-31
200651,MS1000210,EUR,64.82,2026-01-01,2026-12-31
200651,MS1010090,EUR,26.82,2026-01-01,2026-12-31
200651,MS1010158,EUR,42.36,2026-01-01,2026-12-31
200651,MS1010278,EUR,56.19,2026-01-01,2026-12-31
200651,MS1020092,EUR,42.54,2026-01-01,2026-12-31
200651,MS1020161,EUR,60.07,2026-01-01,2026-12-31
200651,MS1030011,EUR,45.9,2026-01-01,2026-12-31
200651,MS1030143,EUR,59.72,2026-01-01,2026-12-31
200651,MS1040049,EUR,23.43,2026-01-01,2026-12-31
200651,MS1050061,EUR,38.48,2026-01-01,2026-12-31
200651,MS1060019,EUR,39.54,2026-01-01,2026-12-31
200651,MS1060170,EUR,47.31,2026-01-01,2026-12-31
200651,MS1070033,EUR,47.4,2026-01-01,2026-12-31
200651,MS1070140,EUR,69.8,2026-01-01,2026-12-31
200651,MS1810090,EUR,27.66,2026-01-01,2026-12-31
200651,MS1820092,EUR,41.86,2026-01-01,2026-12-31
200651,MS1840049,EUR,23.47,2026-01-01,2026-12-31
200651,MS1850061,EUR,37.82,2026-01-01,2026-12-31
200651,MS2000084,EUR,23.61,2026-01-01,2026-12-31
200651,MS2000175,EUR,33.05,2026-01-01,2026-12-31
200651,MS2000215,EUR,52.21,2026-01-01,2026-12-31
200651,MS2010060,EUR,16.34,2026-01-01,2026-12-31
200651,MS2010137,EUR,24.66,2026-01-01,2026-12-31
200651,MS2020048,EUR,21.28,2026-01-01,2026-12-31
200651,MS2020129,EUR,31.74,2026-01-01,2026-12-31
200651,MS2030016,EUR,15.2,2026-01-01,2026-12-31
200651,MS2030164,EUR,22.22,2026-01-01,2026-12-31
200651,MS2040026,EUR,18.66,2026-01-01,2026-12-31
200651,MS2040162,EUR,30.33,2026-01-01,2026-12-31
200651,MS2050041,EUR,17.88,2026-01-01,2026-12-31
200651,MS2050139,EUR,25.67,2026-01-01,2026-12-31
200651,MS2800215,EUR,51.55,2026-01-01,2026-12-31
200651,MS2850139,EUR,25.86,2026-01-01,2026-12-31
200651,MS3000078,EUR,62.2,2026-01-01,2026-12-31
200651,MS3000150,EUR,84.12,2026-01-01,2026-12-31
200651,MS3000278,EUR,124.96,2026-01-01,2026-12-31
200651,MS3010048,EUR,56.99,2026-01-01,2026-12-31
200651,MS3010166,EUR,77.3,2026-01-01,2026-12-31
200651,MS3010240,EUR,120.57,2026-01-01,2026-12-31
200651,MS3020038,EUR,62.64,2026-01-01,2026-12-31
200651,MS3020181,EUR,93.27,2026-01-01,2026-12-31
200651,MS3030052,EUR,53.68,2026-01-01,2026-12-31
200651,MS3030152,EUR,84.11,2026-01-01,2026-12-31
200651,MS3040044,EUR,50.59,2026-01-01,2026-12-31
200651,MS3040160,EUR,68.91,2026-01-01,2026-12-31
200651,MS3040237,EUR,102.18,2026-01-01,2026-12-31
200651,MS3050040,EUR,114.31,2026-01-01,2026-12-31
200651,MS3050124,EUR,169.07,2026-01-01,2026-12-31
200651,MS3060057,EUR,71.48,2026-01-01,2026-12-31
200651,MS3060165,EUR,110.79,2026-01-01,2026-12-31
200651,MS3800150,EUR,83.14,2026-01-01,2026-12-31
200651,MS3860057,EUR,72.87,2026-01-01,2026-12-31
200651,MS4000051,EUR,12.66,2026-01-01,2026-12-31
200651,MS4000134,EUR,12.59,2026-01-01,2026-12-31
200651,MS4000238,EUR,12.56,2026-01-01,2026-12-31
200651,MS4000380,EUR,13.85,2026-01-01,2026-12-31
200651,MS4000478,EUR,12.83,2026-01-01,2026-12-31
200651,MS4000547,EUR,13.77,2026-01-01,2026-12-31
200651,MS4000699,EUR,13.31,2026-01-01,2026-12-31
200651,MS4000716,EUR,13.0,2026-01-01,2026-12-31
200651,MS4000882,EUR,12.97,2026-01-01,2026-12-31
200651,MS4000958,EUR,13.79,2026-01-01,2026-12-31
200651,MS4010022,EUR,20.07,2026-01-01,2026-12-31
200651,MS4010167,EUR,17.93,2026-01-01,2026-12-31
200651,MS4010290,EUR,19.67,2026-01-01,2026-12-31
200651,MS4010349,EUR,18.51,2026-01-01,2026-12-31
200651,MS4010466,EUR,19.09,2026-01-01,2026-12-31
200651,MS4010583,EUR,20.27,2026-01-01,2026-12-31
200651,MS4010684,EUR,18.37,2026-01-01,2026-12-31
200651,MS4010798,EUR,18.81,2026-01-01,2026-12-31
200651,MS4010861,EUR,18.32,2026-01-01,2026-12-31
200651,MS4010990,EUR,19.27,2026-01-01,2026-12-31
200651,MS4011090,EUR,17.86,2026-01-01,2026-12-31
200651,MS4011124,EUR,20.12,2026-01-01,2026-12-31
200651,MS4020080,EUR,14.35,2026-01-01,2026-12-31
200651,MS4020174,EUR,15.38,2026-01-01,2026-12-31
200651,MS4020252,EUR,14.64,2026-01-01,2026-12-31
200651,MS4020362,EUR,15.01,2026-01-01,2026-12-31
200651,MS4030052,EUR,10.59,2026-01-01,2026-12-31
200651,MS4030143,EUR,10.31,2026-01-01,2026-12-31
200651,MS4030218,EUR,9.81,2026-01-01,2026-12-31
200651,MS4030315,EUR,10.65,2026-01-01,2026-12-31
200651,MS4800134,EUR,12.55,2026-01-01,2026-12-31
200651,MS4800380,EUR,13.88,2026-01-01,2026-12-31
200651,MS4800478,EUR,12.67,2026-01-01,2026-12-31
200651,MS4800716,EUR,12.6,2026-01-01,2026-12-31
200651,MS4800958,EUR,13.47,2026-01-01,2026-12-31
200651,MS4810167,EUR,18.18,2026-01-01,2026-12-31
200651,MS4810861,EUR,18.29,2026-01-01,2026-12-31
200651,MS4810990,EUR,19.24,2026-01-01,2026-12-31
200651,MS5000033,EUR,15.64,2026-01-01,2026-12-31
200651,MS5000191,EUR,22.27,2026-01-01,2026-12-31
200651,MS5010085,EUR,16.31,2026-01-01,2026-12-31
200651,MS5010155,EUR,22.79,2026-01-01,2026-12-31
200651,MS5020046,EUR,22.39,2026-01-01,2026-12-31
200651,MS5030066,EUR,10.56,2026-01-01,2026-12-31
200651,MS5040079,EUR,18.04,2026-01-01,2026-12-31
200651,MS5040119,EUR,27.37,2026-01-01,2026-12-31
200651,MS5050057,EUR,11.96,2026-01-01,2026-12-31
200651,MS7800716,EUR,6.64,2026-01-01,2026-12-31
200651,MS7800986,EUR,6.46,2026-01-01,2026-12-31
200651,MS7810115,EUR,10.13,2026-01-01,2026-12-31
200651,MS7830190,EUR,12.0,2026-01-01,2026-12-31
200651,MS7840059,EUR,8.51,2026-01-01,2026-12-31
200651,MS7840117,EUR,8.52,2026-01-01,2026-12-31
200652,MS1000013,EUR,32.97,2026-01-01,2026-12-31
200652,MS1000137,EUR,45.37,2026-01-01,2026-12-31
200652,MS1000210,EUR,64.68,2026-01-01,2026-12-31
200652,MS1010090,EUR,26.83,2026-01-01,2026-12-31
200652,MS1010158,EUR,40.71,2026-01-01,2026-12-31
200652,MS1010278,EUR,55.68,2026-01-01,2026-12-31
200652,MS1020092,EUR,41.51,2026-01-01,2026-12-31
200652,MS1020161,EUR,60.83,2026-01-01,2026-12-31
200652,MS1030011,EUR,45.38,2026-01-01,2026-12-31
200652,MS1030143,EUR,59.29,2026-01-01,2026-12-31
200652,MS1040049,EUR,23.26,2026-01-01,2026-12-31
200652,MS1050061,EUR,38.21,2026-01-01,2026-12-31
200652,MS1060019,EUR,39.11,2026-01-01,2026-12-31
200652,MS1060170,EUR,46.87,2026-01-01,2026-12-31
200652,MS1070033,EUR,48.59,2026-01-01,2026-12-31
200652,MS1070140,EUR,70.31,2026-01-01,2026-12-31
200652,MS1810090,EUR,27.28,2026-01-01,2026-12-31
200652,MS1820092,EUR,42.56,2026-01-01,2026-12-31
200652,MS1840049,EUR,23.63,2026-01-01,2026-12-31
200652,MS1850061,EUR,38.14,2026-01-01,2026-12-31
200652,MS2000084,EUR,23.48,2026-01-01,2026-12-31
200652,MS2000175,EUR,32.5,2026-01-01,2026-12-31
200652,MS2000215,EUR,51.75,2026-01-01,2026-12-31
200652,MS2010060,EUR,16.67,2026-01-01,2026-12-31
200652,MS2010137,EUR,24.29,2026-01-01,2026-12-31
200652,MS2020048,EUR,21.93,2026-01-01,2026-12-31
200652,MS2020129,EUR,32.3,2026-01-01,2026-12-31
200652,MS2030016,EUR,15.14,2026-01-01,2026-12-31
200652,MS2030164,EUR,21.66,2026-01-01,2026-12-31
200652,MS2040026,EUR,19.03,2026-01-01,2026-12-31
200652,MS2040162,EUR,30.94,2026-01-01,2026-12-31
200652,MS2050041,EUR,17.79,2026-01-01,2026-12-31
200652,MS2050139,EUR,25.88,2026-01-01,2026-12-31
200652,MS2800215,EUR,52.19,2026-01-01,2026-12-31
200652,MS2850139,EUR,26.5,2026-01-01,2026-12-31
200652,MS3000078,EUR,63.41,2026-01-01,2026-12-31
200652,MS3000150,EUR,83.84,2026-01-01,2026-12-31
200652,MS3000278,EUR,120.61,2026-01-01,2026-12-31
200652,MS3010048,EUR,57.22,2026-01-01,2026-12-31
200652,MS3010166,EUR,75.42,2026-01-01,2026-12-31
200652,MS3010240,EUR,121.19,2026-01-01,2026-12-31
200652,MS3020038,EUR,62.15,2026-01-01,2026-12-31
200652,MS3020181,EUR,91.64,2026-01-01,2026-12-31
200652,MS3030052,EUR,54.32,2026-01-01,2026-12-31
200652,MS3030152,EUR,84.3,2026-01-01,2026-12-31
200652,MS3040044,EUR,50.46,2026-01-01,2026-12-31
200652,MS3040160,EUR,68.79,2026-01-01,2026-12-31
200652,MS3040237,EUR,100.43,2026-01-01,2026-12-31
200652,MS3050040,EUR,110.57,2026-01-01,2026-12-31
200652,MS3050124,EUR,172.32,2026-01-01,2026-12-31
200652,MS3060057,EUR,70.75,2026-01-01,2026-12-31
200652,MS3060165,EUR,110.55,2026-01-01,2026-12-31
200652,MS3800150,EUR,85.32,2026-01-01,2026-12-31
200652,MS3860057,EUR,72.56,2026-01-01,2026-12-31
200652,MS4000051,EUR,12.55,2026-01-01,2026-12-31
200652,MS4000134,EUR,12.37,2026-01-01,2026-12-31
200652,MS4000238,EUR,12.54,2026-01-01,2026-12-31
200652,MS4000380,EUR,13.97,2026-01-01,2026-12-31
200652,MS4000478,EUR,12.56,2026-01-01,2026-12-31
200652,MS4000547,EUR,13.75,2026-01-01,2026-12-31
200652,MS4000699,EUR,13.02,2026-01-01,2026-12-31
200652,MS4000716,EUR,12.75,2026-01-01,2026-12-31
200652,MS4000882,EUR,12.54,2026-01-01,2026-12-31
200652,MS4000958,EUR,13.58,2026-01-01,2026-12-31
200652,MS4010022,EUR,20.05,2026-01-01,2026-12-31
200652,MS4010167,EUR,18.27,2026-01-01,2026-12-31
200652,MS4010290,EUR,19.82,2026-01-01,2026-12-31
200652,MS4010349,EUR,18.53,2026-01-01,2026-12-31
200652,MS4010466,EUR,19.16,2026-01-01,2026-12-31
200652,MS4010583,EUR,20.05,2026-01-01,2026-12-31
200652,MS4010684,EUR,18.31,2026-01-01,2026-12-31
200652,MS4010798,EUR,18.96,2026-01-01,2026-12-31
200652,MS4010861,EUR,18.34,2026-01-01,2026-12-31
200652,MS4010990,EUR,19.65,2026-01-01,2026-12-31
200652,MS4011090,EUR,18.38,2026-01-01,2026-12-31
200652,MS4011124,EUR,20.28,2026-01-01,2026-12-31
200652,MS4020080,EUR,14.57,2026-01-01,2026-12-31
200652,MS4020174,EUR,15.22,2026-01-01,2026-12-31
200652,MS4020252,EUR,14.6,2026-01-01,2026-12-31
200652,MS4020362,EUR,14.99,2026-01-01,2026-12-31
200652,MS4030052,EUR,10.77,2026-01-01,2026-12-31
200652,MS4030143,EUR,10.41,2026-01-01,2026-12-31
200652,MS4030218,EUR,9.87,2026-01-01,2026-12-31
200652,MS4030315,EUR,10.68,2026-01-01,2026-12-31
200652,MS4800134,EUR,12.38,2026-01-01,2026-12-31
200652,MS4800380,EUR,13.77,2026-01-01,2026-12-31
200652,MS4800478,EUR,12.9,2026-01-01,2026-12-31
200652,MS4800716,EUR,12.59,2026-01-01,2026-12-31
200652,MS4800958,EUR,13.83,2026-01-01,2026-12-31
200652,MS4810167,EUR,18.38,2026-01-01,2026-12-31
200652,MS4810861,EUR,17.99,2026-01-01,2026-12-31
200652,MS4810990,EUR,19.88,2026-01-01,2026-12-31
200652,MS5000033,EUR,15.25,2026-01-01,2026-12-31
200652,MS5000191,EUR,22.15,2026-01-01,2026-12-31
200652,MS5010085,EUR,15.73,2026-01-01,2026-12-31
200652,MS5010155,EUR,22.58,2026-01-01,2026-12-31
200652,MS5020046,EUR,22.03,2026-01-01,2026-12-31
200652,MS5030066,EUR,10.4,2026-01-01,2026-12-31
200652,MS5040079,EUR,18.02,2026-01-01,2026-12-31
200652,MS5040119,EUR,28.07,2026-01-01,2026-12-31
200652,MS5050057,EUR,11.59,2026-01-01,2026-12-31
200652,MS7800716,EUR,6.67,2026-01-01,2026-12-31
200652,MS7800986,EUR,6.32,2026-01-01,2026-12-31
200652,MS7810115,EUR,10.13,2026-01-01,2026-12-31
200652,MS7830190,EUR,12.1,2026-01-01,2026-12-31
200652,MS7840059,EUR,8.69,2026-01-01,2026-12-31
200652,MS7840117,EUR,8.38,2026-01-01,2026-12-31
200653,MS1000013,EUR,32.16,2026-01-01,2026-12-31
200653,MS1000137,EUR,45.33,2026-01-01,2026-12-31
200653,MS1000210,EUR,64.27,2026-01-01,2026-12-31
200653,MS1010090,EUR,27.19,2026-01-01,2026-12-31
200653,MS1010158,EUR,40.89,2026-01-01,2026-12-31
200653,MS1010278,EUR,54.94,2026-01-01,2026-12-31
200653,MS1020092,EUR,41.9,2026-01-01,2026-12-31
200653,MS1020161,EUR,60.73,2026-01-01,2026-12-31
200653,MS1030011,EUR,46.07,2026-01-01,2026-12-31
200653,MS1030143,EUR,60.19,2026-01-01,2026-12-31
200653,MS1040049,EUR,23.19,2026-01-01,2026-12-31
200653,MS1050061,EUR,39.1,2026-01-01,2026-12-31
200653,MS1060019,EUR,39.27,2026-01-01,2026-12-31
200653,MS1060170,EUR,47.04,2026-01-01,2026-12-31
200653,MS1070033,EUR,48.16,2026-01-01,2026-12-31
200653,MS1070140,EUR,71.79,2026-01-01,2026-12-31
200653,MS1810090,EUR,27.21,2026-01-01,2026-12-31
200653,MS1820092,EUR,41.3,2026-01-01,2026-12-31
200653,MS1840049,EUR,23.3,2026-01-01,2026-12-31
200653,MS1850061,EUR,39.01,2026-01-01,2026-12-31
200653,MS2000084,EUR,23.79,2026-01-01,2026-12-31
200653,MS2000175,EUR,31.95,2026-01-01,2026-12-31
200653,MS2000215,EUR,52.75,2026-01-01,2026-12-31
200653,MS2010060,EUR,16.53,2026-01-01,2026-12-31
200653,MS2010137,EUR,24.71,2026-01-01,2026-12-31
200653,MS2020048,EUR,21.45,2026-01-01,2026-12-31
200653,MS2020129,EUR,32.45,2026-01-01,2026-12-31
200653,MS2030016,EUR,15.16,2026-01-01,2026-12-31
200653,MS2030164,EUR,22.05,2026-01-01,2026-12-31
200653,MS2040026,EUR,19.0,2026-01-01,2026-12-31
200653,MS2040162,EUR,31.02,2026-01-01,2026-12-31
200653,MS2050041,EUR,18.31,2026-01-01,2026-12-31
200653,MS2050139,EUR,26.58,2026-01-01,2026-12-31
200653,MS2800215,EUR,52.21,2026-01-01,2026-12-31
200653,MS2850139,EUR,26.53,2026-01-01,2026-12-31
200653,MS3000078,EUR,62.16,2026-01-01,2026-12-31
200653,MS3000150,EUR,84.78,2026-01-01,2026-12-31
200653,MS3000278,EUR,124.86,2026-01-01,2026-12-31
200653,MS3010048,EUR,57.07,2026-01-01,2026-12-31
200653,MS3010166,EUR,75.23,2026-01-01,2026-12-31
200653,MS3010240,EUR,120.92,2026-01-01,2026-12-31
200653,MS3020038,EUR,60.23,2026-01-01,2026-12-31
200653,MS3020181,EUR,93.46,2026-01-01,2026-12-31
200653,MS3030052,EUR,54.08,2026-01-01,2026-12-31
200653,MS3030152,EUR,84.21,2026-01-01,2026-12-31
200653,MS3040044,EUR,50.66,2026-01-01,2026-12-31
200653,MS3040160,EUR,67.78,2026-01-01,2026-12-31
200653,MS3040237,EUR,104.14,2026-01-01,2026-12-31
200653,MS3050040,EUR,114.01,2026-01-01,2026-12-31
200653,MS3050124,EUR,170.16,2026-01-01,2026-12-31
200653,MS3060057,EUR,72.59,2026-01-01,2026-12-31
200653,MS3060165,EUR,112.81,2026-01-01,2026-12-31
200653,MS3800150,EUR,85.27,2026-01-01,2026-12-31
200653,MS3860057,EUR,72.68,2026-01-01,2026-12-31
200653,MS4000051,EUR,12.55,2026-01-01,2026-12-31
200653,MS4000134,EUR,12.67,2026-01-01,2026-12-31
200653,MS4000238,EUR,12.66,2026-01-01,2026-12-31
200653,MS4000380,EUR,13.95,2026-01-01,2026-12-31
200653,MS4000478,EUR,12.78,2026-01-01,2026-12-31
200653,MS4000547,EUR,13.45,2026-01-01,2026-12-31
200653,MS4000699,EUR,13.45,2026-01-01,2026-12-31
200653,MS4000716,EUR,12.99,2026-01-01,2026-12-31
200653,MS4000882,EUR,12.8,2026-01-01,2026-12-31
200653,MS4000958,EUR,13.3,2026-01-01,2026-12-31
200653,MS4010022,EUR,20.3,2026-01-01,2026-12-31
200653,MS4010167,EUR,18.13,2026-01-01,2026-12-31
200653,MS4010290,EUR,19.86,2026-01-01,2026-12-31
200653,MS4010349,EUR,18.24,2026-01-01,2026-12-31
200653,MS4010466,EUR,18.89,2026-01-01,2026-12-31
200653,MS4010583,EUR,20.16,2026-01-01,2026-12-31
200653,MS4010684,EUR,18.34,2026-01-01,2026-12-31
200653,MS4010798,EUR,18.62,2026-01-01,2026-12-31
200653,MS4010861,EUR,18.18,2026-01-01,2026-12-31
200653,MS4010990,EUR,19.57,2026-01-01,2026-12-31
200653,MS4011090,EUR,18.22,2026-01-01,2026-12-31
200653,MS4011124,EUR,19.92,2026-01-01,2026-12-31
200653,MS4020080,EUR,14.48,2026-01-01,2026-12-31
200653,MS4020174,EUR,15.05,2026-01-01,2026-12-31
200653,MS4020252,EUR,14.62,2026-01-01,2026-12-31
200653,MS4020362,EUR,15.24,2026-01-01,2026-12-31
200653,MS4030052,EUR,10.57,2026-01-01,2026-12-31
200653,MS4030143,EUR,10.24,2026-01-01,2026-12-31
200653,MS4030218,EUR,9.72,2026-01-01,2026-12-31
200653,MS4030315,EUR,10.89,2026-01-01,2026-12-31
200653,MS4800134,EUR,12.49,2026-01-01,2026-12-31
200653,MS4800380,EUR,14.03,2026-01-01,2026-12-31
200653,MS4800478,EUR,12.79,2026-01-01,2026-12-31
200653,MS4800716,EUR,12.77,2026-01-01,2026-12-31
200653,MS4800958,EUR,13.48,2026-01-01,2026-12-31
200653,MS4810167,EUR,18.32,2026-01-01,2026-12-31
200653,MS4810861,EUR,17.98,2026-01-01,2026-12-31
200653,MS4810990,EUR,19.62,2026-01-01,2026-12-31
200653,MS5000033,EUR,15.57,2026-01-01,2026-12-31
200653,MS5000191,EUR,22.15,2026-01-01,2026-12-31
200653,MS5010085,EUR,15.93,2026-01-01,2026-12-31
200653,MS5010155,EUR,22.51,2026-01-01,2026-12-31
200653,MS5020046,EUR,22.01,2026-01-01,2026-12-31
200653,MS5030066,EUR,10.54,2026-01-01,2026-12-31
200653,MS5040079,EUR,17.91,2026-01-01,2026-12-31
200653,MS5040119,EUR,28.28,2026-01-01,2026-12-31
200653,MS5050057,EUR,11.85,2026-01-01,2026-12-31
200653,MS7800716,EUR,6.52,2026-01-01,2026-12-31
200653,MS7800986,EUR,6.32,2026-01-01,2026-12-31
200653,MS7810115,EUR,9.9,2026-01-01,2026-12-31
200653,MS7830190,EUR,12.21,2026-01-01,2026-12-31
200653,MS7840059,EUR,8.75,2026-01-01,2026-12-31
200653,MS7840117,EUR,8.65,2026-01-01,2026-12-31
200654,MS1000013,EUR,31.95,2026-01-01,2026-12-31
200654,MS1000137,EUR,45.63,2026-01-01,2026-12-31
200654,MS1000210,EUR,64.58,2026-01-01,2026-12-31
200654,MS1010090,EUR,27.71,2026-01-01,2026-12-31
200654,MS1010158,EUR,41.93,2026-01-01,2026-12-31
200654,MS1010278,EUR,54.96,2026-01-01,2026-12-31
200654,MS1020092,EUR,41.56,2026-01-01,2026-12-31
200654,MS1020161,EUR,59.19,2026-01-01,2026-12-31
200654,MS1030011,EUR,45.03,2026-01-01,2026-12-31
200654,MS1030143,EUR,61.09,2026-01-01,2026-12-31
200654,MS1040049,EUR,23.0,2026-01-01,2026-12-31
200654,MS1050061,EUR,39.0,2026-01-01,2026-12-31
200654,MS1060019,EUR,39.31,2026-01-01,2026-12-31
200654,MS1060170,EUR,47.43,2026-01-01,2026-12-31
200654,MS1070033,EUR,48.22,2026-01-01,2026-12-31
200654,MS1070140,EUR,69.15,2026-01-01,2026-12-31
200654,MS1810090,EUR,27.43,2026-01-01,2026-12-31
200654,MS1820092,EUR,42.22,2026-01-01,2026-12-31
200654,MS1840049,EUR,22.84,2026-01-01,2026-12-31
200654,MS1850061,EUR,38.94,2026-01-01,2026-12-31
200654,MS2000084,EUR,23.59,2026-01-01,2026-12-31
200654,MS2000175,EUR,32.69,2026-01-01,2026-12-31
200654,MS2000215,EUR,51.11,2026-01-01,2026-12-31
200654,MS2010060,EUR,16.8,2026-01-01,2026-12-31
200654,MS2010137,EUR,24.6,2026-01-01,2026-12-31
200654,MS2020048,EUR,21.58,2026-01-01,2026-12-31
200654,MS2020129,EUR,32.31,2026-01-01,2026-12-31
200654,MS2030016,EUR,15.27,2026-01-01,2026-12-31
200654,MS2030164,EUR,21.52,2026-01-01,2026-12-31
200654,MS2040026,EUR,18.91,2026-01-01,2026-12-31
200654,MS2040162,EUR,30.62,2026-01-01,2026-12-31
200654,MS2050041,EUR,18.09,2026-01-01,2026-12-31
200654,MS2050139,EUR,26.26,2026-01-01,2026-12-31
200654,MS2800215,EUR,52.27,2026-01-01,2026-12-31
200654,MS2850139,EUR,26.21,2026-01-01,2026-12-31
200654,MS3000078,EUR,63.26,2026-01-01,2026-12-31
200654,MS3000150,EUR,85.77,2026-01-01,2026-12-31
200654,MS3000278,EUR,124.97,2026-01-01,2026-12-31
200654,MS3010048,EUR,57.65,2026-01-01,2026-12-31
200654,MS3010166,EUR,75.57,2026-01-01,2026-12-31
200654,MS3010240,EUR,121.69,2026-01-01,2026-12-31
200654,MS3020038,EUR,60.45,2026-01-01,2026-12-31
200654,MS3020181,EUR,92.69,2026-01-01,2026-12-31
200654,MS3030052,EUR,54.25,2026-01-01,2026-12-31
200654,MS3030152,EUR,82.8,2026-01-01,2026-12-31
200654,MS3040044,EUR,50.98,2026-01-01,2026-12-31
200654,MS3040160,EUR,68.31,2026-01-01,2026-12-31
200654,MS3040237,EUR,102.72,2026-01-01,2026-12-31
200654,MS3050040,EUR,113.2,2026-01-01,2026-12-31
200654,MS3050124,EUR,168.32,2026-01-01,2026-12-31
200654,MS3060057,EUR,71.76,2026-01-01,2026-12-31
200654,MS3060165,EUR,111.57,2026-01-01,2026-12-31
200654,MS3800150,EUR,85.48,2026-01-01,2026-12-31
200654,MS3860057,EUR,72.56,2026-01-01,2026-12-31
200654,MS4000051,EUR,12.48,2026-01-01,2026-12-31
200654,MS4000134,EUR,12.71,2026-01-01,2026-12-31
200654,MS4000238,EUR,12.48,2026-01-01,2026-12-31
200654,MS4000380,EUR,13.92,2026-01-01,2026-12-31
200654,MS4000478,EUR,12.9,2026-01-01,2026-12-31
200654,MS4000547,EUR,13.65,2026-01-01,2026-12-31
200654,MS4000699,EUR,13.46,2026-01-01,2026-12-31
200654,MS4000716,EUR,12.81,2026-01-01,2026-12-31
200654,MS4000882,EUR,12.65,2026-01-01,2026-12-31
200654,MS4000958,EUR,13.7,2026-01-01,2026-12-31
200654,MS4010022,EUR,19.99,2026-01-01,2026-12-31
200654,MS4010167,EUR,17.92,2026-01-01,2026-12-31
200654,MS4010290,EUR,19.66,2026-01-01,2026-12-31
200654,MS4010349,EUR,18.39,2026-01-01,2026-12-31
200654,MS4010466,EUR,19.29,2026-01-01,2026-12-31
200654,MS4010583,EUR,20.29,2026-01-01,2026-12-31
200654,MS4010684,EUR,18.2,2026-01-01,2026-12-31
200654,MS4010798,EUR,18.91,2026-01-01,2026-12-31
200654,MS4010861,EUR,18.69,2026-01-01,2026-12-31
200654,MS4010990,EUR,19.31,2026-01-01,2026-12-31
200654,MS4011090,EUR,18.21,2026-01-01,2026-12-31
200654,MS4011124,EUR,20.12,2026-01-01,2026-12-31
200654,MS4020080,EUR,14.42,2026-01-01,2026-12-31
200654,MS4020174,EUR,15.47,2026-01-01,2026-12-31
200654,MS4020252,EUR,14.69,2026-01-01,2026-12-31
200654,MS4020362,EUR,15.25,2026-01-01,2026-12-31
200654,MS4030052,EUR,10.94,2026-01-01,2026-12-31
200654,MS4030143,EUR,10.33,2026-01-01,2026-12-31
200654,MS4030218,EUR,9.87,2026-01-01,2026-12-31
200654,MS4030315,EUR,10.86,2026-01-01,2026-12-31
200654,MS4800134,EUR,12.71,2026-01-01,2026-12-31
200654,MS4800380,EUR,13.97,2026-01-01,2026-12-31
200654,MS4800478,EUR,12.65,2026-01-01,2026-12-31
200654,MS4800716,EUR,12.65,2026-01-01,2026-12-31
200654,MS4800958,EUR,13.33,2026-01-01,2026-12-31
200654,MS4810167,EUR,18.09,2026-01-01,2026-12-31
200654,MS4810861,EUR,18.35,2026-01-01,2026-12-31
200654,MS4810990,EUR,19.95,2026-01-01,2026-12-31
200654,MS5000033,EUR,15.44,2026-01-01,2026-12-31
200654,MS5000191,EUR,22.93,2026-01-01,2026-12-31
200654,MS5010085,EUR,15.94,2026-01-01,2026-12-31
200654,MS5010155,EUR,22.49,2026-01-01,2026-12-31
200654,MS5020046,EUR,21.62,2026-01-01,2026-12-31
200654,MS5030066,EUR,10.35,2026-01-01,2026-12-31
200654,MS5040079,EUR,17.38,2026-01-01,2026-12-31
200654,MS5040119,EUR,27.27,2026-01-01,2026-12-31
200654,MS5050057,EUR,11.68,2026-01-01,2026-12-31
200654,MS7800716,EUR,6.53,2026-01-01,2026-12-31
200654,MS7800986,EUR,6.24,2026-01-01,2026-12-31
200654,MS7810115,EUR,9.9,2026-01-01,2026-12-31
200654,MS7830190,EUR,12.22,2026-01-01,2026-12-31
200654,MS7840059,EUR,8.72,2026-01-01,2026-12-31
200654,MS7840117,EUR,8.44,2026-01-01,2026-12-31
300500,MS1000013,EUR,27.64,2026-01-01,2026-12-31
300500,MS1000013,USD,30.3,2026-01-01,2026-12-31
300500,MS1000137,EUR,38.55,2026-01-01,2026-12-31
300500,MS1000137,USD,42.51,2026-01-01,2026-12-31
300500,MS1000210,EUR,56.02,2026-01-01,2026-12-31
300500,MS1000210,USD,61.01,2026-01-01,2026-12-31
300500,MS1010090,EUR,23.85,2026-01-01,2026-12-31
300500,MS1010090,USD,26.02,2026-01-01,2026-12-31
300500,MS1010158,EUR,36.22,2026-01-01,2026-12-31
300500,MS1010158,USD,38.84,2026-01-01,2026-12-31
300500,MS1010278,EUR,47.06,2026-01-01,2026-12-31
300500,MS1010278,USD,51.67,2026-01-01,2026-12-31
300500,MS1020092,EUR,36.02,2026-01-01,2026-12-31
300500,MS1020092,USD,39.46,2026-01-01,2026-12-31
300500,MS1020161,EUR,51.12,2026-01-01,2026-12-31
300500,MS1020161,USD,56.98,2026-01-01,2026-12-31
300500,MS1030011,EUR,39.64,2026-01-01,2026-12-31
300500,MS1030011,USD,43.44,2026-01-01,2026-12-31
300500,MS1030143,EUR,51.04,2026-01-01,2026-12-31
300500,MS1030143,USD,55.53,2026-01-01,2026-12-31
300500,MS1040049,EUR,20.36,2026-01-01,2026-12-31
300500,MS1040049,USD,22.21,2026-01-01,2026-12-31
300500,MS1050061,EUR,32.55,2026-01-01,2026-12-31
300500,MS1050061,USD,36.27,2026-01-01,2026-12-31
300500,MS1060019,EUR,34.12,2026-01-01,2026-12-31
300500,MS1060019,USD,37.59,2026-01-01,2026-12-31
300500,MS1060170,EUR,40.85,2026-01-01,2026-12-31
300500,MS1060170,USD,45.36,2026-01-01,2026-12-31
300500,MS1070033,EUR,40.96,2026-01-01,2026-12-31
300500,MS1070033,USD,45.25,2026-01-01,2026-12-31
300500,MS1070140,EUR,61.54,2026-01-01,2026-12-31
300500,MS1070140,USD,65.72,2026-01-01,2026-12-31
300500,MS1810090,EUR,24.02,2026-01-01,2026-12-31
300500,MS1810090,USD,25.38,2026-01-01,2026-12-31
300500,MS1820092,EUR,36.62,2026-01-01,2026-12-31
300500,MS1820092,USD,39.68,2026-01-01,2026-12-31
300500,MS1840049,EUR,19.91,2026-01-01,2026-12-31
300500,MS1840049,USD,21.54,2026-01-01,2026-12-31
300500,MS1850061,EUR,32.53,2026-01-01,2026-12-31
300500,MS1850061,USD,35.54,2026-01-01,2026-12-31
300500,MS2800215,EUR,45.05,2026-01-01,2026-12-31
300500,MS2800215,USD,48.08,2026-01-01,2026-12-31
300500,MS2850139,EUR,22.12,2026-01-01,2026-12-31
300500,MS2850139,USD,24.37,2026-01-01,2026-12-31
300500,MS3000078,EUR,53.46,2026-01-01,2026-12-31
300500,MS3000078,USD,59.38,2026-01-01,2026-12-31
300500,MS3000150,EUR,73.25,2026-01-01,2026-12-31
300500,MS3000150,USD,80.51,2026-01-01,2026-12-31
300500,MS3000278,EUR,104.61,2026-01-01,2026-12-31
300500,MS3000278,USD,115.19,2026-01-01,2026-12-31
300500,MS3010048,EUR,49.26,2026-01-01,2026-12-31
300500,MS3010048,USD,53.23,2026-01-01,2026-12-31
300500,MS3010166,EUR,67.3,2026-01-01,2026-12-31
300500,MS3010166,USD,71.13,2026-01-01,2026-12-31
300500,MS3010240,EUR,101.83,2026-01-01,2026-12-31
300500,MS3010240,USD,112.82,2026-01-01,2026-12-31
300500,MS3020038,EUR,53.14,2026-01-01,2026-12-31
300500,MS3020038,USD,56.71,2026-01-01,2026-12-31
300500,MS3020181,EUR,77.86,2026-01-01,2026-12-31
300500,MS3020181,USD,87.52,2026-01-01,2026-12-31
300500,MS3030052,EUR,46.04,2026-01-01,2026-12-31
300500,MS3030052,USD,51.2,2026-01-01,2026-12-31
300500,MS3030152,EUR,73.11,2026-01-01,2026-12-31
300500,MS3030152,USD,79.38,2026-01-01,2026-12-31
300500,MS3040044,EUR,44.06,2026-01-01,2026-12-31
300500,MS3040044,USD,47.54,2026-01-01,2026-12-31
300500,MS3040160,EUR,58.84,2026-01-01,2026-12-31
300500,MS3040160,USD,63.05,2026-01-01,2026-12-31
300500,MS3040237,EUR,87.42,2026-01-01,2026-12-31
300500,MS3040237,USD,96.32,2026-01-01,2026-12-31
300500,MS3050040,EUR,97.66,2026-01-01,2026-12-31
300500,MS3050040,USD,106.68,2026-01-01,2026-12-31
300500,MS3050124,EUR,148.15,2026-01-01,2026-12-31
300500,MS3050124,USD,156.24,2026-01-01,2026-12-31
300500,MS3060057,EUR,61.92,2026-01-01,2026-12-31
300500,MS3060057,USD,68.67,2026-01-01,2026-12-31
300500,MS3060165,EUR,96.41,2026-01-01,2026-12-31
300500,MS3060165,USD,103.77,2026-01-01,2026-12-31
300500,MS3800150,EUR,72.38,2026-01-01,2026-12-31
300500,MS3800150,USD,80.58,2026-01-01,2026-12-31
300500,MS3860057,EUR,61.32,2026-01-01,2026-12-31
300500,MS3860057,USD,67.91,2026-01-01,2026-12-31
300500,MS4000051,EUR,10.91,2026-01-01,2026-12-31
300500,MS4000051,USD,11.77,2026-01-01,2026-12-31
300500,MS4000134,EUR,10.84,2026-01-01,2026-12-31
300500,MS4000134,USD,12.0,2026-01-01,2026-12-31
300500,MS4000238,EUR,10.77,2026-01-01,2026-12-31
300500,MS4000238,USD,11.84,2026-01-01,2026-12-31
300500,MS4000380,EUR,11.75,2026-01-01,2026-12-31
300500,MS4000380,USD,13.25,2026-01-01,2026-12-31
300500,MS4000478,EUR,10.77,2026-01-01,2026-12-31
300500,MS4000478,USD,12.1,2026-01-01,2026-12-31
300500,MS4000547,EUR,11.96,2026-01-01,2026-12-31
300500,MS4000547,USD,12.98,2026-01-01,2026-12-31
300500,MS4000699,EUR,11.66,2026-01-01,2026-12-31
300500,MS4000699,USD,12.34,2026-01-01,2026-12-31
300500,MS4000716,EUR,10.87,2026-01-01,2026-12-31
300500,MS4000716,USD,12.16,2026-01-01,2026-12-31
300500,MS4000882,EUR,10.91,2026-01-01,2026-12-31
300500,MS4000882,USD,12.12,2026-01-01,2026-12-31
300500,MS4000958,EUR,11.74,2026-01-01,2026-12-31
300500,MS4000958,USD,12.51,2026-01-01,2026-12-31
300500,MS4010022,EUR,17.38,2026-01-01,2026-12-31
300500,MS4010022,USD,18.59,2026-01-01,2026-12-31
300500,MS4010167,EUR,15.72,2026-01-01,2026-12-31
300500,MS4010167,USD,16.7,2026-01-01,2026-12-31
300500,MS4010290,EUR,17.24,2026-01-01,2026-12-31
300500,MS4010290,USD,18.76,2026-01-01,2026-12-31
300500,MS4010349,EUR,15.6,2026-01-01,2026-12-31
300500,MS4010349,USD,17.19,2026-01-01,2026-12-31
300500,MS4010466,EUR,16.47,2026-01-01,2026-12-31
300500,MS4010466,USD,17.62,2026-01-01,2026-12-31
300500,MS4010583,EUR,17.52,2026-01-01,2026-12-31
300500,MS4010583,USD,18.79,2026-01-01,2026-12-31
300500,MS4010684,EUR,15.75,2026-01-01,2026-12-31
300500,MS4010684,USD,17.46,2026-01-01,2026-12-31
300500,MS4010798,EUR,16.0,2026-01-01,2026-12-31
300500,MS4010798,USD,17.75,2026-01-01,2026-12-31
300500,MS4010861,EUR,16.08,2026-01-01,2026-12-31
300500,MS4010861,USD,17.14,2026-01-01,2026-12-31
300500,MS4010990,EUR,16.61,2026-01-01,2026-12-31
300500,MS4010990,USD,18.04,2026-01-01,2026-12-31
300500,MS4011090,EUR,15.74,2026-01-01,2026-12-31
300500,MS4011090,USD,16.76,2026-01-01,2026-12-31
300500,MS4011124,EUR,16.95,2026-01-01,2026-12-31
300500,MS4011124,USD,18.54,2026-01-01,2026-12-31
300500,MS4020080,EUR,12.41,2026-01-01,2026-12-31
300500,MS4020080,USD,13.17,2026-01-01,2026-12-31
300500,MS4020174,EUR,13.28,2026-01-01,2026-12-31
300500,MS4020174,USD,14.4,2026-01-01,2026-12-31
300500,MS4020252,EUR,12.47,2026-01-01,2026-12-31
300500,MS4020252,USD,13.74,2026-01-01,2026-12-31
300500,MS4020362,EUR,12.85,2026-01-01,2026-12-31
300500,MS4020362,USD,14.21,2026-01-01,2026-12-31
300500,MS4030052,EUR,9.13,2026-01-01,2026-12-31
300500,MS4030052,USD,9.88,2026-01-01,2026-12-31
300500,MS4030143,EUR,8.65,2026-01-01,2026-12-31
300500,MS4030143,USD,9.53,2026-01-01,2026-12-31
300500,MS4030218,EUR,8.44,2026-01-01,2026-12-31
300500,MS4030218,USD,9.04,2026-01-01,2026-12-31
300500,MS4030315,EUR,9.16,2026-01-01,2026-12-31
300500,MS4030315,USD,10.16,2026-01-01,2026-12-31
300500,MS4800134,EUR,10.71,2026-01-01,2026-12-31
300500,MS4800134,USD,11.55,2026-01-01,2026-12-31
300500,MS4800380,EUR,12.15,2026-01-01,2026-12-31
300500,MS4800380,USD,13.19,2026-01-01,2026-12-31
300500,MS4800478,EUR,11.05,2026-01-01,2026-12-31
300500,MS4800478,USD,11.8,2026-01-01,2026-12-31
300500,MS4800716,EUR,10.82,2026-01-01,2026-12-31
300500,MS4800716,USD,12.03,2026-01-01,2026-12-31
300500,MS4800958,EUR,11.81,2026-01-01,2026-12-31
300500,MS4800958,USD,12.53,2026-01-01,2026-12-31
300500,MS4810167,EUR,15.54,2026-01-01,2026-12-31
300500,MS4810167,USD,17.18,2026-01-01,2026-12-31
300500,MS4810861,EUR,15.91,2026-01-01,2026-12-31
300500,MS4810861,USD,17.49,2026-01-01,2026-12-31
300500,MS4810990,EUR,17.13,2026-01-01,2026-12-31
300500,MS4810990,USD,18.29,2026-01-01,2026-12-31
300500,MS7000022,EUR,5.48,2026-01-01,2026-12-31
300500,MS7000022,USD,6.0,2026-01-01,2026-12-31
300500,MS7000122,EUR,5.36,2026-01-01,2026-12-31
300500,MS7000122,USD,5.75,2026-01-01,2026-12-31
300500,MS7000295,EUR,5.38,2026-01-01,2026-12-31
300500,MS7000295,USD,5.85,2026-01-01,2026-12-31
300500,MS7000371,EUR,5.3,2026-01-01,2026-12-31
300500,MS7000371,USD,5.7,2026-01-01,2026-12-31
300500,MS7000489,EUR,5.77,2026-01-01,2026-12-31
300500,MS7000489,USD,6.28,2026-01-01,2026-12-31
300500,MS7000533,EUR,5.52,2026-01-01,2026-12-31
300500,MS7000533,USD,5.82,2026-01-01,2026-12-31
300500,MS7000653,EUR,5.53,2026-01-01,2026-12-31
300500,MS7000653,USD,5.92,2026-01-01,2026-12-31
300500,MS7000716,EUR,5.58,2026-01-01,2026-12-31
300500,MS7000716,USD,6.11,2026-01-01,2026-12-31
300500,MS7000824,EUR,5.75,2026-01-01,2026-12-31
300500,MS7000824,USD,6.13,2026-01-01,2026-12-31
300500,MS7000986,EUR,5.42,2026-01-01,2026-12-31
300500,MS7000986,USD,6.01,2026-01-01,2026-12-31
300500,MS7010065,EUR,7.85,2026-01-01,2026-12-31
300500,MS7010065,USD,8.68,2026-01-01,2026-12-31
300500,MS7010115,EUR,8.59,2026-01-01,2026-12-31
300500,MS7010115,USD,9.38,2026-01-01,2026-12-31
300500,MS7010261,EUR,8.03,2026-01-01,2026-12-31
300500,MS7010261,USD,8.87,2026-01-01,2026-12-31
300500,MS7020061,EUR,9.31,2026-01-01,2026-12-31
300500,MS7020061,USD,9.76,2026-01-01,2026-12-31
300500,MS7020177,EUR,9.37,2026-01-01,2026-12-31
300500,MS7020177,USD,10.16,2026-01-01,2026-12-31
300500,MS7030029,EUR,9.79,2026-01-01,2026-12-31
300500,MS7030029,USD,10.69,2026-01-01,2026-12-31
300500,MS7030190,EUR,10.49,2026-01-01,2026-12-31
300500,MS7030190,USD,11.25,2026-01-01,2026-12-31
300500,MS7030219,EUR,9.79,2026-01-01,2026-12-31
300500,MS7030219,USD,10.77,2026-01-01,2026-12-31
300500,MS7040059,EUR,7.54,2026-01-01,2026-12-31
300500,MS7040059,USD,7.98,2026-01-01,2026-12-31
300500,MS7040117,EUR,7.26,2026-01-01,2026-12-31
300500,MS7040117,USD,8.08,2026-01-01,2026-12-31
300500,MS7040288,EUR,7.28,2026-01-01,2026-12-31
300500,MS7040288,USD,8.15,2026-01-01,2026-12-31
300500,MS7800716,EUR,5.56,2026-01-01,2026-12-31
300500,MS7800716,USD,6.14,2026-01-01,2026-12-31
300500,MS7800986,EUR,5.38,2026-01-01,2026-12-31
300500,MS7800986,USD,6.03,2026-01-01,2026-12-31
300500,MS7810115,EUR,8.69,2026-01-01,2026-12-31
300500,MS7810115,USD,9.36,2026-01-01,2026-12-31
300500,MS7830190,EUR,10.66,2026-01-01,2026-12-31
300500,MS7830190,USD,11.28,2026-01-01,2026-12-31
300500,MS7840059,EUR,7.51,2026-01-01,2026-12-31
300500,MS7840059,USD,8.11,2026-01-01,2026-12-31
300500,MS7840117,EUR,7.47,2026-01-01,2026-12-31
300500,MS7840117,USD,8.07,2026-01-01,2026-12-31
300700,MS1000013,AED,122.42,2026-01-01,2026-12-31
300700,MS1000137,AED,166.67,2026-01-01,2026-12-31
300700,MS1000210,AED,235.98,2026-01-01,2026-12-31
300700,MS1010090,AED,101.13,2026-01-01,2026-12-31
300700,MS1010158,AED,153.75,2026-01-01,2026-12-31
300700,MS1010278,AED,206.05,2026-01-01,2026-12-31
300700,MS1020092,AED,157.74,2026-01-01,2026-12-31
300700,MS1020161,AED,220.32,2026-01-01,2026-12-31
300700,MS1030011,AED,173.18,2026-01-01,2026-12-31
300700,MS1030143,AED,224.14,2026-01-01,2026-12-31
300700,MS1040049,AED,84.73,2026-01-01,2026-12-31
300700,MS1050061,AED,142.33,2026-01-01,2026-12-31
300700,MS1060019,AED,149.08,2026-01-01,2026-12-31
300700,MS1060170,AED,177.17,2026-01-01,2026-12-31
300700,MS1070033,AED,179.27,2026-01-01,2026-12-31
300700,MS1070140,AED,259.95,2026-01-01,2026-12-31
300700,MS1810090,AED,101.71,2026-01-01,2026-12-31
300700,MS1820092,AED,153.22,2026-01-01,2026-12-31
300700,MS1840049,AED,88.03,2026-01-01,2026-12-31
300700,MS1850061,AED,144.74,2026-01-01,2026-12-31
300700,MS2800215,AED,195.09,2026-01-01,2026-12-31
300700,MS2850139,AED,95.48,2026-01-01,2026-12-31
300700,MS3000078,AED,231.64,2026-01-01,2026-12-31
300700,MS3000150,AED,312.76,2026-01-01,2026-12-31
300700,MS3000278,AED,452.47,2026-01-01,2026-12-31
300700,MS3010048,AED,208.44,2026-01-01,2026-12-31
300700,MS3010166,AED,285.49,2026-01-01,2026-12-31
300700,MS3010240,AED,437.92,2026-01-01,2026-12-31
300700,MS3020038,AED,230.98,2026-01-01,2026-12-31
300700,MS3020181,AED,339.08,2026-01-01,2026-12-31
300700,MS3030052,AED,203.11,2026-01-01,2026-12-31
300700,MS3030152,AED,309.38,2026-01-01,2026-12-31
300700,MS3040044,AED,185.42,2026-01-01,2026-12-31
300700,MS3040160,AED,255.4,2026-01-01,2026-12-31
300700,MS3040237,AED,375.79,2026-01-01,2026-12-31
300700,MS3050040,AED,411.53,2026-01-01,2026-12-31
300700,MS3050124,AED,625.13,2026-01-01,2026-12-31
300700,MS3060057,AED,264.83,2026-01-01,2026-12-31
300700,MS3060165,AED,417.55,2026-01-01,2026-12-31
300700,MS3800150,AED,312.95,2026-01-01,2026-12-31
300700,MS3860057,AED,263.44,2026-01-01,2026-12-31
300700,MS4000051,AED,47.28,2026-01-01,2026-12-31
300700,MS4000134,AED,47.09,2026-01-01,2026-12-31
300700,MS4000238,AED,47.54,2026-01-01,2026-12-31
300700,MS4000380,AED,52.41,2026-01-01,2026-12-31
300700,MS4000478,AED,47.33,2026-01-01,2026-12-31
300700,MS4000547,AED,51.65,2026-01-01,2026-12-31
300700,MS4000699,AED,49.09,2026-01-01,2026-12-31
300700,MS4000716,AED,48.33,2026-01-01,2026-12-31
300700,MS4000882,AED,48.26,2026-01-01,2026-12-31
300700,MS4000958,AED,49.74,2026-01-01,2026-12-31
300700,MS4010022,AED,73.32,2026-01-01,2026-12-31
300700,MS4010167,AED,66.83,2026-01-01,2026-12-31
300700,MS4010290,AED,74.57,2026-01-01,2026-12-31
300700,MS4010349,AED,67.36,2026-01-01,2026-12-31
300700,MS4010466,AED,71.39,2026-01-01,2026-12-31
300700,MS4010583,AED,74.72,2026-01-01,2026-12-31
300700,MS4010684,AED,68.18,2026-01-01,2026-12-31
300700,MS4010798,AED,69.83,2026-01-01,2026-12-31
300700,MS4010861,AED,67.16,2026-01-01,2026-12-31
300700,MS4010990,AED,73.98,2026-01-01,2026-12-31
300700,MS4011090,AED,68.43,2026-01-01,2026-12-31
300700,MS4011124,AED,75.26,2026-01-01,2026-12-31
300700,MS4020080,AED,54.11,2026-01-01,2026-12-31
300700,MS4020174,AED,56.95,2026-01-01,2026-12-31
300700,MS4020252,AED,53.71,2026-01-01,2026-12-31
300700,MS4020362,AED,55.4,2026-01-01,2026-12-31
300700,MS4030052,AED,39.22,2026-01-01,2026-12-31
300700,MS4030143,AED,38.19,2026-01-01,2026-12-31
300700,MS4030218,AED,35.69,2026-01-01,2026-12-31
300700,MS4030315,AED,39.66,2026-01-01,2026-12-31
300700,MS4800134,AED,46.81,2026-01-01,2026-12-31
300700,MS4800380,AED,51.12,2026-01-01,2026-12-31
300700,MS4800478,AED,47.57,2026-01-01,2026-12-31
300700,MS4800716,AED,47.25,2026-01-01,2026-12-31
300700,MS4800958,AED,49.75,2026-01-01,2026-12-31
300700,MS4810167,AED,67.87,2026-01-01,2026-12-31
300700,MS4810861,AED,68.58,2026-01-01,2026-12-31
300700,MS4810990,AED,73.0,2026-01-01,2026-12-31
300700,MS7800716,AED,24.05,2026-01-01,2026-12-31
300700,MS7800986,AED,23.37,2026-01-01,2026-12-31
300700,MS7810115,AED,37.3,2026-01-01,2026-12-31
300700,MS7830190,AED,44.54,2026-01-01,2026-12-31
300700,MS7840059,AED,31.79,2026-01-01,2026-12-31
300700,MS7840117,AED,32.18,2026-01-01,2026-12-31
400800,MS1810090,GBP,23.51,2026-01-01,2026-12-31
400800,MS1820092,GBP,35.66,2026-01-01,2026-12-31
400800,MS1840049,GBP,19.51,2026-01-01,2026-12-31
400800,MS1850061,GBP,31.98,2026-01-01,2026-12-31
400800,MS2800215,GBP,44.33,2026-01-01,2026-12-31
400800,MS2850139,GBP,21.93,2026-01-01,2026-12-31
400800,MS3800150,GBP,70.74,2026-01-01,2026-12-31
400800,MS3860057,GBP,61.14,2026-01-01,2026-12-31
400800,MS4800134,GBP,10.39,2026-01-01,2026-12-31
400800,MS4800380,GBP,11.79,2026-01-01,2026-12-31
400800,MS4800478,GBP,10.82,2026-01-01,2026-12-31
400800,MS4800716,GBP,10.93,2026-01-01,2026-12-31
400800,MS4800958,GBP,11.52,2026-01-01,2026-12-31
400800,MS4810167,GBP,15.2,2026-01-01,2026-12-31
400800,MS4810861,GBP,15.38,2026-01-01,2026-12-31
400800,MS4810990,GBP,16.39,2026-01-01,2026-12-31
400800,MS5000033,GBP,12.98,2026-01-01,2026-12-31
400800,MS5000191,GBP,19.17,2026-01-01,2026-12-31
400800,MS5010085,GBP,13.49,2026-01-01,2026-12-31
400800,MS5010155,GBP,19.21,2026-01-01,2026-12-31
400800,MS5020046,GBP,18.69,2026-01-01,2026-12-31
400800,MS5030066,GBP,8.8,2026-01-01,2026-12-31
400800,MS5040079,GBP,15.17,2026-01-01,2026-12-31
400800,MS5040119,GBP,23.54,2026-01-01,2026-12-31
400800,MS5050057,GBP,9.89,2026-01-01,2026-12-31
400800,MS6000088,GBP,23.4,2026-01-01,2026-12-31
400800,MS6000124,GBP,28.72,2026-01-01,2026-12-31
400800,MS6010029,GBP,24.11,2026-01-01,2026-12-31
400800,MS6010140,GBP,27.12,2026-01-01,2026-12-31
400800,MS6020068,GBP,34.31,2026-01-01,2026-12-31
400800,MS6020180,GBP,40.83,2026-01-01,2026-12-31
400800,MS6030079,GBP,19.68,2026-01-01,2026-12-31
400800,MS6040043,GBP,20.04,2026-01-01,2026-12-31
400800,MS6040167,GBP,32.82,2026-01-01,2026-12-31
400800,MS6050064,GBP,27.3,2026-01-01,2026-12-31
400800,MS6050191,GBP,29.37,2026-01-01,2026-12-31
400800,MS6060099,GBP,16.14,2026-01-01,2026-12-31
400800,MS7800716,GBP,5.45,2026-01-01,2026-12-31
400800,MS7800986,GBP,5.37,2026-01-01,2026-12-31
400800,MS7810115,GBP,8.49,2026-01-01,2026-12-31
400800,MS7830190,GBP,10.19,2026-01-01,2026-12-31
400800,MS7840059,GBP,7.18,2026-01-01,2026-12-31
400800,MS7840117,GBP,7.2,2026-01-01,2026-12-31
401000,MS1000013,GBP,25.66,2026-01-01,2026-12-31
401000,MS1000137,GBP,35.86,2026-01-01,2026-12-31
401000,MS1000210,GBP,50.84,2026-01-01,2026-12-31
401000,MS1010090,GBP,21.24,2026-01-01,2026-12-31
401000,MS1010158,GBP,32.33,2026-01-01,2026-12-31
401000,MS1010278,GBP,43.1,2026-01-01,2026-12-31
401000,MS1020092,GBP,33.4,2026-01-01,2026-12-31
401000,MS1020161,GBP,46.14,2026-01-01,2026-12-31
401000,MS1030011,GBP,35.98,2026-01-01,2026-12-31
401000,MS1030143,GBP,47.3,2026-01-01,2026-12-31
401000,MS1040049,GBP,18.3,2026-01-01,2026-12-31
401000,MS1050061,GBP,30.8,2026-01-01,2026-12-31
401000,MS1060019,GBP,30.79,2026-01-01,2026-12-31
401000,MS1060170,GBP,38.13,2026-01-01,2026-12-31
401000,MS1070033,GBP,37.38,2026-01-01,2026-12-31
401000,MS1070140,GBP,56.26,2026-01-01,2026-12-31
401000,MS1810090,GBP,21.56,2026-01-01,2026-12-31
401000,MS1820092,GBP,33.22,2026-01-01,2026-12-31
401000,MS1840049,GBP,18.05,2026-01-01,2026-12-31
401000,MS1850061,GBP,30.78,2026-01-01,2026-12-31
401000,MS2000084,GBP,18.17,2026-01-01,2026-12-31
401000,MS2000175,GBP,25.18,2026-01-01,2026-12-31
401000,MS2000215,GBP,40.22,2026-01-01,2026-12-31
401000,MS2010060,GBP,12.74,2026-01-01,2026-12-31
401000,MS2010137,GBP,19.01,2026-01-01,2026-12-31
401000,MS2020048,GBP,17.0,2026-01-01,2026-12-31
401000,MS2020129,GBP,25.05,2026-01-01,2026-12-31
401000,MS2030016,GBP,11.91,2026-01-01,2026-12-31
401000,MS2030164,GBP,16.98,2026-01-01,2026-12-31
401000,MS2040026,GBP,14.75,2026-01-01,2026-12-31
401000,MS2040162,GBP,23.8,2026-01-01,2026-12-31
401000,MS2050041,GBP,14.37,2026-01-01,2026-12-31
401000,MS2050139,GBP,20.79,2026-01-01,2026-12-31
401000,MS2800215,GBP,40.97,2026-01-01,2026-12-31
401000,MS2850139,GBP,20.51,2026-01-01,2026-12-31
401000,MS3000078,GBP,48.01,2026-01-01,2026-12-31
401000,MS3000150,GBP,66.7,2026-01-01,2026-12-31
401000,MS3000278,GBP,96.68,2026-01-01,2026-12-31
401000,MS3010048,GBP,45.53,2026-01-01,2026-12-31
401000,MS3010166,GBP,60.13,2026-01-01,2026-12-31
401000,MS3010240,GBP,95.87,2026-01-01,2026-12-31
401000,MS3020038,GBP,47.26,2026-01-01,2026-12-31
401000,MS3020181,GBP,72.85,2026-01-01,2026-12-31
401000,MS3030052,GBP,42.54,2026-01-01,2026-12-31
401000,MS3030152,GBP,66.18,2026-01-01,2026-12-31
401000,MS3040044,GBP,38.79,2026-01-01,2026-12-31
401000,MS3040160,GBP,53.02,2026-01-01,2026-12-31
401000,MS3040237,GBP,80.47,2026-01-01,2026-12-31
401000,MS3050040,GBP,88.44,2026-01-01,2026-12-31
401000,MS3050124,GBP,135.9,2026-01-01,2026-12-31
401000,MS3060057,GBP,55.63,2026-01-01,2026-12-31
401000,MS3060165,GBP,86.71,2026-01-01,2026-12-31
401000,MS3800150,GBP,67.49,2026-01-01,2026-12-31
401000,MS3860057,GBP,55.91,2026-01-01,2026-12-31
401000,MS4000051,GBP,9.98,2026-01-01,2026-12-31
401000,MS4000134,GBP,9.97,2026-01-01,2026-12-31
401000,MS4000238,GBP,10.09,2026-01-01,2026-12-31
401000,MS4000380,GBP,11.04,2026-01-01,2026-12-31
401000,MS4000478,GBP,10.12,2026-01-01,2026-12-31
401000,MS4000547,GBP,10.61,2026-01-01,2026-12-31
401000,MS4000699,GBP,10.48,2026-01-01,2026-12-31
401000,MS4000716,GBP,10.07,2026-01-01,2026-12-31
401000,MS4000882,GBP,9.99,2026-01-01,2026-12-31
401000,MS4000958,GBP,10.51,2026-01-01,2026-12-31
401000,MS4010022,GBP,15.59,2026-01-01,2026-12-31
401000,MS4010167,GBP,14.29,2026-01-01,2026-12-31
401000,MS4010290,GBP,15.72,2026-01-01,2026-12-31
401000,MS4010349,GBP,14.25,2026-01-01,2026-12-31
401000,MS4010466,GBP,14.96,2026-01-01,2026-12-31
401000,MS4010583,GBP,15.9,2026-01-01,2026-12-31
401000,MS4010684,GBP,14.6,2026-01-01,2026-12-31
401000,MS4010798,GBP,14.45,2026-01-01,2026-12-31
401000,MS4010861,GBP,14.38,2026-01-01,2026-12-31
401000,MS4010990,GBP,15.21,2026-01-01,2026-12-31
401000,MS4011090,GBP,14.19,2026-01-01,2026-12-31
401000,MS4011124,GBP,15.6,2026-01-01,2026-12-31
401000,MS4020080,GBP,11.35,2026-01-01,2026-12-31
401000,MS4020174,GBP,11.92,2026-01-01,2026-12-31
401000,MS4020252,GBP,11.66,2026-01-01,2026-12-31
401000,MS4020362,GBP,12.1,2026-01-01,2026-12-31
401000,MS4030052,GBP,8.5,2026-01-01,2026-12-31
401000,MS4030143,GBP,8.19,2026-01-01,2026-12-31
401000,MS4030218,GBP,7.6,2026-01-01,2026-12-31
401000,MS4030315,GBP,8.32,2026-01-01,2026-12-31
401000,MS4800134,GBP,10.01,2026-01-01,2026-12-31
401000,MS4800380,GBP,10.86,2026-01-01,2026-12-31
401000,MS4800478,GBP,10.05,2026-01-01,2026-12-31
401000,MS4800716,GBP,10.21,2026-01-01,2026-12-31
401000,MS4800958,GBP,10.8,2026-01-01,2026-12-31
401000,MS4810167,GBP,14.04,2026-01-01,2026-12-31
401000,MS4810861,GBP,14.27,2026-01-01,2026-12-31
401000,MS4810990,GBP,15.17,2026-01-01,2026-12-31
401000,MS5000033,GBP,12.21,2026-01-01,2026-12-31
401000,MS5000191,GBP,17.92,2026-01-01,2026-12-31
401000,MS5010085,GBP,12.46,2026-01-01,2026-12-31
401000,MS5010155,GBP,18.16,2026-01-01,2026-12-31
401000,MS5020046,GBP,17.31,2026-01-01,2026-12-31
401000,MS5030066,GBP,8.03,2026-01-01,2026-12-31
401000,MS5040079,GBP,13.86,2026-01-01,2026-12-31
401000,MS5040119,GBP,22.15,2026-01-01,2026-12-31
401000,MS5050057,GBP,9.21,2026-01-01,2026-12-31
401000,MS6000088,GBP,21.6,2026-01-01,2026-12-31
401000,MS6000124,GBP,26.39,2026-01-01,2026-12-31
401000,MS6010029,GBP,22.41,2026-01-01,2026-12-31
401000,MS6010140,GBP,24.54,2026-01-01,2026-12-31
401000,MS6020068,GBP,32.54,2026-01-01,2026-12-31
401000,MS6020180,GBP,37.79,2026-01-01,2026-12-31
401000,MS6030079,GBP,18.83,2026-01-01,2026-12-31
401000,MS6040043,GBP,18.41,2026-01-01,2026-12-31
401000,MS6040167,GBP,30.77,2026-01-01,2026-12-31
401000,MS6050064,GBP,25.06,2026-01-01,2026-12-31
401000,MS6050191,GBP,27.09,2026-01-01,2026-12-31
401000,MS6060099,GBP,14.77,2026-01-01,2026-12-31
401000,MS7000022,GBP,5.06,2026-01-01,2026-12-31
401000,MS7000122,GBP,4.76,2026-01-01,2026-12-31
401000,MS7000295,GBP,4.86,2026-01-01,2026-12-31
401000,MS7000371,GBP,4.76,2026-01-01,2026-12-31
401000,MS7000489,GBP,5.1,2026-01-01,2026-12-31
401000,MS7000533,GBP,4.92,2026-01-01,2026-12-31
401000,MS7000653,GBP,4.92,2026-01-01,2026-12-31
401000,MS7000716,GBP,5.13,2026-01-01,2026-12-31
401000,MS7000824,GBP,5.15,2026-01-01,2026-12-31
401000,MS7000986,GBP,4.95,2026-01-01,2026-12-31
401000,MS7010065,GBP,7.29,2026-01-01,2026-12-31
401000,MS7010115,GBP,7.87,2026-01-01,2026-12-31
401000,MS7010261,GBP,7.3,2026-01-01,2026-12-31
401000,MS7020061,GBP,8.32,2026-01-01,2026-12-31
401000,MS7020177,GBP,8.47,2026-01-01,2026-12-31
401000,MS7030029,GBP,9.07,2026-01-01,2026-12-31
401000,MS7030190,GBP,9.54,2026-01-01,2026-12-31
401000,MS7030219,GBP,9.09,2026-01-01,2026-12-31
401000,MS7040059,GBP,6.72,2026-01-01,2026-12-31
401000,MS7040117,GBP,6.79,2026-01-01,2026-12-31
401000,MS7040288,GBP,6.65,2026-01-01,2026-12-31
401000,MS7800716,GBP,5.08,2026-01-01,2026-12-31
401000,MS7800986,GBP,4.97,2026-01-01,2026-12-31
401000,MS7810115,GBP,7.75,2026-01-01,2026-12-31
401000,MS7830190,GBP,9.66,2026-01-01,2026-12-31
401000,MS7840059,GBP,6.69,2026-01-01,2026-12-31
401000,MS7840117,GBP,6.75,2026-01-01,2026-12-31
401000,MS8000022,GBP,37.97,2026-01-01,2026-12-31
401000,MS8000149,GBP,54.05,2026-01-01,2026-12-31
401000,MS8010095,GBP,36.87,2026-01-01,2026-12-31
401000,MS8010127,GBP,50.21,2026-01-01,2026-12-31
401000,MS8020058,GBP,52.62,2026-01-01,2026-12-31
401000,MS8030088,GBP,21.17,2026-01-01,2026-12-31
401000,MS8040069,GBP,40.61,2026-01-01,2026-12-31
401000,MS8040171,GBP,49.83,2026-01-01,2026-12-31
