material_id,brand,product_line,variant,category,description,size,shade,base_uom,case_pack,gtin,list_price_usd,status,successor_material_id
MS1000013,Solenne Paris,Sérum Absolu Regenerating Serum,15 ml,skincare,Solenne Paris Sérum Absolu Regenerating Serum 15 ml,15 ml,,EA,6,2943321819600,60.84,active,
MS1000137,Solenne Paris,Sérum Absolu Regenerating Serum,30 ml,skincare,Solenne Paris Sérum Absolu Regenerating Serum 30 ml,30 ml,,EA,6,2938908386378,84.17,active,
MS1000210,Solenne Paris,Sérum Absolu Regenerating Serum,50 ml,skincare,Solenne Paris Sérum Absolu Regenerating Serum 50 ml,50 ml,,EA,6,2926542351166,121.07,active,
MS1009199,Solenne Paris,Sérum Absolu Regenerating Serum,50 ml TESTER,skincare,Solenne Paris Sérum Absolu Regenerating Serum 50 ml TESTER,50 ml,,EA,1,2955940781619,0.0,active,
MS1010090,Solenne Paris,Crème Lumière Day Cream,15 ml,skincare,Solenne Paris Crème Lumière Day Cream 15 ml,15 ml,,EA,6,2995931034133,51.27,active,
MS1010158,Solenne Paris,Crème Lumière Day Cream,30 ml,skincare,Solenne Paris Crème Lumière Day Cream 30 ml,30 ml,,EA,6,2947525534192,77.83,active,
MS1010278,Solenne Paris,Crème Lumière Day Cream,50 ml,skincare,Solenne Paris Crème Lumière Day Cream 50 ml,50 ml,,EA,6,2932764835032,103.38,active,
MS1019941,Solenne Paris,Crème Lumière Day Cream,50 ml TESTER,skincare,Solenne Paris Crème Lumière Day Cream 50 ml TESTER,50 ml,,EA,1,2905641395370,0.0,active,
MS1020092,Solenne Paris,Baume Nuit Night Balm,30 ml,skincare,Solenne Paris Baume Nuit Night Balm 30 ml,30 ml,,EA,6,2972423884964,78.66,active,
MS1020161,Solenne Paris,Baume Nuit Night Balm,50 ml,skincare,Solenne Paris Baume Nuit Night Balm 50 ml,50 ml,,EA,6,2953287101220,112.3,active,
MS1029911,Solenne Paris,Baume Nuit Night Balm,50 ml TESTER,skincare,Solenne Paris Baume Nuit Night Balm 50 ml TESTER,50 ml,,EA,1,2969166978487,0.0,active,
MS1030011,Solenne Paris,Eau Micellaire Cleansing Water,200 ml,skincare,Solenne Paris Eau Micellaire Cleansing Water 200 ml,200 ml,,EA,6,2918451462705,85.69,active,
MS1030143,Solenne Paris,Eau Micellaire Cleansing Water,400 ml,skincare,Solenne Paris Eau Micellaire Cleansing Water 400 ml,400 ml,,EA,6,2982814893253,112.9,active,
MS1039880,Solenne Paris,Eau Micellaire Cleansing Water,400 ml TESTER,skincare,Solenne Paris Eau Micellaire Cleansing Water 400 ml TESTER,400 ml,,EA,1,2928809570150,0.0,active,
MS1040049,Solenne Paris,Contour des Yeux Eye Cream,15 ml,skincare,Solenne Paris Contour des Yeux Eye Cream 15 ml,15 ml,,EA,6,2930391171820,43.59,active,
MS1049231,Solenne Paris,Contour des Yeux Eye Cream,15 ml TESTER,skincare,Solenne Paris Contour des Yeux Eye Cream 15 ml TESTER,15 ml,,EA,1,2978248963839,0.0,active,
MS1050061,Solenne Paris,Huile Précieuse Face Oil,30 ml,skincare,Solenne Paris Huile Précieuse Face Oil 30 ml,30 ml,,EA,6,2957871331505,72.16,active,
MS1059702,Solenne Paris,Huile Précieuse Face Oil,30 ml TESTER,skincare,Solenne Paris Huile Précieuse Face Oil 30 ml TESTER,30 ml,,EA,1,2983930103103,0.0,active,
MS1060019,Solenne Paris,Masque Éclat Radiance Mask,50 ml,skincare,Solenne Paris Masque Éclat Radiance Mask 50 ml,50 ml,,EA,6,2983473829973,74.59,active,
MS1060170,Solenne Paris,Masque Éclat Radiance Mask,75 ml,skincare,Solenne Paris Masque Éclat Radiance Mask 75 ml,75 ml,,EA,6,2963116566700,89.47,active,
MS1069789,Solenne Paris,Masque Éclat Radiance Mask,75 ml TESTER,skincare,Solenne Paris Masque Éclat Radiance Mask 75 ml TESTER,75 ml,,EA,1,2910651333878,0.0,active,
MS1070033,Solenne Paris,Lotion Essentielle Toner,150 ml,skincare,Solenne Paris Lotion Essentielle Toner 150 ml,150 ml,,EA,6,2947317810800,89.45,active,
MS1070140,Solenne Paris,Lotion Essentielle Toner,250 ml,skincare,Solenne Paris Lotion Essentielle Toner 250 ml,250 ml,,EA,6,2926773602600,131.99,active,
MS1079499,Solenne Paris,Lotion Essentielle Toner,250 ml TESTER,skincare,Solenne Paris Lotion Essentielle Toner 250 ml TESTER,250 ml,,EA,1,2947468723431,0.0,active,
MS2000084,Kōri Botanicals,Yuzu Brightening Essence,50 ml,skincare,Kōri Botanicals Yuzu Brightening Essence 50 ml,50 ml,,EA,6,2980500978826,43.97,active,
MS2000175,Kōri Botanicals,Yuzu Brightening Essence,100 ml,skincare,Kōri Botanicals Yuzu Brightening Essence 100 ml,100 ml,,EA,6,2912191361939,60.84,active,
MS2000215,Kōri Botanicals,Yuzu Brightening Essence,200 ml,skincare,Kōri Botanicals Yuzu Brightening Essence 200 ml,200 ml,,EA,6,2991699854358,97.25,active,
MS2010060,Kōri Botanicals,Green Tea Gel Cleanser,100 ml,skincare,Kōri Botanicals Green Tea Gel Cleanser 100 ml,100 ml,,EA,6,2924751079918,31.0,active,
MS2010137,Kōri Botanicals,Green Tea Gel Cleanser,200 ml,skincare,Kōri Botanicals Green Tea Gel Cleanser 200 ml,200 ml,,EA,6,2984251354274,46.19,active,
MS2020048,Kōri Botanicals,Camellia Barrier Cream,50 ml,skincare,Kōri Botanicals Camellia Barrier Cream 50 ml,50 ml,,EA,6,2998084124119,40.3,active,
MS2020129,Kōri Botanicals,Camellia Barrier Cream,100 ml,skincare,Kōri Botanicals Camellia Barrier Cream 100 ml,100 ml,,EA,6,2944935348746,60.55,active,
MS2030016,Kōri Botanicals,Rice Enzyme Polish,50 ml,skincare,Kōri Botanicals Rice Enzyme Polish 50 ml,50 ml,,EA,6,2916400524276,28.09,active,
MS2030164,Kōri Botanicals,Rice Enzyme Polish,100 ml,skincare,Kōri Botanicals Rice Enzyme Polish 100 ml,100 ml,,EA,6,2980112805985,41.14,active,
MS2040026,Kōri Botanicals,Hinoki Calming Toner,100 ml,skincare,Kōri Botanicals Hinoki Calming Toner 100 ml,100 ml,,EA,6,2904505331585,35.1,active,
MS2040162,Kōri Botanicals,Hinoki Calming Toner,200 ml,skincare,Kōri Botanicals Hinoki Calming Toner 200 ml,200 ml,,EA,6,2992322602568,57.26,active,
MS2050041,Kōri Botanicals,Sakura Dew Sleeping Mask,50 ml,skincare,Kōri Botanicals Sakura Dew Sleeping Mask 50 ml,50 ml,,EA,6,2942160733757,34.0,active,
MS2050139,Kōri Botanicals,Sakura Dew Sleeping Mask,100 ml,skincare,Kōri Botanicals Sakura Dew Sleeping Mask 100 ml,100 ml,,EA,6,2930365414588,49.04,active,
MS3000078,Atelier Noor,Oud Saffron Eau de Parfum,30 ml,fragrance,Atelier Noor Oud Saffron Eau de Parfum 30 ml,30 ml,,EA,12,2950142940192,116.58,active,
MS3000150,Atelier Noor,Oud Saffron Eau de Parfum,50 ml,fragrance,Atelier Noor Oud Saffron Eau de Parfum 50 ml,50 ml,,EA,6,2969816934061,158.95,active,
MS3000278,Atelier Noor,Oud Saffron Eau de Parfum,100 ml,fragrance,Atelier Noor Oud Saffron Eau de Parfum 100 ml,100 ml,,EA,6,2935615951486,230.43,active,
MS3009416,Atelier Noor,Oud Saffron Eau de Parfum,100 ml TESTER,fragrance,Atelier Noor Oud Saffron Eau de Parfum 100 ml TESTER,100 ml,,EA,1,2965648236625,0.0,active,
MS3010048,Atelier Noor,Rose Ambrée Eau de Parfum,30 ml,fragrance,Atelier Noor Rose Ambrée Eau de Parfum 30 ml,30 ml,,EA,12,2968044369959,107.21,active,
MS3010166,Atelier Noor,Rose Ambrée Eau de Parfum,50 ml,fragrance,Atelier Noor Rose Ambrée Eau de Parfum 50 ml,50 ml,,EA,6,2938721489515,143.5,active,
MS3010240,Atelier Noor,Rose Ambrée Eau de Parfum,100 ml,fragrance,Atelier Noor Rose Ambrée Eau de Parfum 100 ml,100 ml,,EA,6,2943320037913,225.21,active,
MS3019566,Atelier Noor,Rose Ambrée Eau de Parfum,100 ml TESTER,fragrance,Atelier Noor Rose Ambrée Eau de Parfum 100 ml TESTER,100 ml,,EA,1,2969367632010,0.0,active,
MS3020038,Atelier Noor,Vétiver Nocturne Eau de Toilette,50 ml,fragrance,Atelier Noor Vétiver Nocturne Eau de Toilette 50 ml,50 ml,,EA,6,2928708317276,115.12,active,
MS3020181,Atelier Noor,Vétiver Nocturne Eau de Toilette,100 ml,fragrance,Atelier Noor Vétiver Nocturne Eau de Toilette 100 ml,100 ml,,EA,6,2995798687275,172.61,active,
MS3029560,Atelier Noor,Vétiver Nocturne Eau de Toilette,100 ml TESTER,fragrance,Atelier Noor Vétiver Nocturne Eau de Toilette 100 ml TESTER,100 ml,,EA,1,2943487347146,0.0,active,
MS3030052,Atelier Noor,Néroli Soleil Eau de Toilette,50 ml,fragrance,Atelier Noor Néroli Soleil Eau de Toilette 50 ml,50 ml,,EA,6,2958122362316,101.24,active,
MS3030152,Atelier Noor,Néroli Soleil Eau de Toilette,100 ml,fragrance,Atelier Noor Néroli Soleil Eau de Toilette 100 ml,100 ml,,EA,6,2987603669095,156.29,active,
MS3039489,Atelier Noor,Néroli Soleil Eau de Toilette,100 ml TESTER,fragrance,Atelier Noor Néroli Soleil Eau de Toilette 100 ml TESTER,100 ml,,EA,1,2970546688933,0.0,active,
MS3040044,Atelier Noor,Musc Blanc Eau de Parfum,30 ml,fragrance,Atelier Noor Musc Blanc Eau de Parfum 30 ml,30 ml,,EA,12,2967065627291,94.1,active,
MS3040160,Atelier Noor,Musc Blanc Eau de Parfum,50 ml,fragrance,Atelier Noor Musc Blanc Eau de Parfum 50 ml,50 ml,,EA,6,2999016272045,128.44,active,
MS3040237,Atelier Noor,Musc Blanc Eau de Parfum,100 ml,fragrance,Atelier Noor Musc Blanc Eau de Parfum 100 ml,100 ml,,EA,6,2975564641700,191.67,active,
MS3049867,Atelier Noor,Musc Blanc Eau de Parfum,100 ml TESTER,fragrance,Atelier Noor Musc Blanc Eau de Parfum 100 ml TESTER,100 ml,,EA,1,2980531003306,0.0,active,
MS3050040,Atelier Noor,Cuir Fumé Extrait de Parfum,50 ml,fragrance,Atelier Noor Cuir Fumé Extrait de Parfum 50 ml,50 ml,,EA,6,2927193745298,210.52,active,
MS3050124,Atelier Noor,Cuir Fumé Extrait de Parfum,100 ml,fragrance,Atelier Noor Cuir Fumé Extrait de Parfum 100 ml,100 ml,,EA,6,2924190496635,318.65,active,
MS3059177,Atelier Noor,Cuir Fumé Extrait de Parfum,100 ml TESTER,fragrance,Atelier Noor Cuir Fumé Extrait de Parfum 100 ml TESTER,100 ml,,EA,1,2993149190580,0.0,active,
MS3060057,Atelier Noor,Iris Poudré Eau de Parfum,50 ml,fragrance,Atelier Noor Iris Poudré Eau de Parfum 50 ml,50 ml,,EA,6,2918506716579,135.03,active,
MS3060165,Atelier Noor,Iris Poudré Eau de Parfum,100 ml,fragrance,Atelier Noor Iris Poudré Eau de Parfum 100 ml,100 ml,,EA,6,2928498776949,210.41,active,
MS3069430,Atelier Noor,Iris Poudré Eau de Parfum,100 ml TESTER,fragrance,Atelier Noor Iris Poudré Eau de Parfum 100 ml TESTER,100 ml,,EA,1,2931473799659,0.0,active,
MS4000051,Velour Cosmetics,Satin Lip Colour,01 Nude Silk,makeup,Velour Cosmetics Satin Lip Colour 01 Nude Silk,,01 Nude Silk,EA,12,2927354549482,23.58,active,
MS4000134,Velour Cosmetics,Satin Lip Colour,03 Petal,makeup,Velour Cosmetics Satin Lip Colour 03 Petal,,03 Petal,EA,12,2913678377702,23.54,active,
MS4000238,Velour Cosmetics,Satin Lip Colour,05 Rose Thé,makeup,Velour Cosmetics Satin Lip Colour 05 Rose Thé,,05 Rose Thé,EA,12,2963495788564,23.74,active,
MS4000380,Velour Cosmetics,Satin Lip Colour,08 Terracotta,makeup,Velour Cosmetics Satin Lip Colour 08 Terracotta,,08 Terracotta,EA,12,2955744431352,25.98,active,
MS4000478,Velour Cosmetics,Satin Lip Colour,12 Rouge Velours,makeup,Velour Cosmetics Satin Lip Colour 12 Rouge Velours,,12 Rouge Velours,EA,12,2923374989413,23.81,active,
MS4000547,Velour Cosmetics,Satin Lip Colour,15 Cerise,makeup,Velour Cosmetics Satin Lip Colour 15 Cerise,,15 Cerise,EA,12,2935240824001,25.57,active,
MS4000699,Velour Cosmetics,Satin Lip Colour,18 Berry Noir,makeup,Velour Cosmetics Satin Lip Colour 18 Berry Noir,,18 Berry Noir,EA,12,2927109477756,24.88,active,
MS4000716,Velour Cosmetics,Satin Lip Colour,22 Corail,makeup,Velour Cosmetics Satin Lip Colour 22 Corail,,22 Corail,EA,12,2947116719021,23.97,active,
MS4000882,Velour Cosmetics,Satin Lip Colour,25 Prune,makeup,Velour Cosmetics Satin Lip Colour 25 Prune,,25 Prune,EA,12,2941318699938,23.88,active,
MS4000958,Velour Cosmetics,Satin Lip Colour,30 Fuchsia,makeup,Velour Cosmetics Satin Lip Colour 30 Fuchsia,,30 Fuchsia,EA,12,2977496499091,25.43,active,
MS4010022,Velour Cosmetics,Velvet Matte Foundation 30 ml,1N Porcelain,makeup,Velour Cosmetics Velvet Matte Foundation 30 ml 1N Porcelain,,1N Porcelain,EA,12,2933412328128,37.39,active,
MS4010167,Velour Cosmetics,Velvet Matte Foundation 30 ml,1W Ivory,makeup,Velour Cosmetics Velvet Matte Foundation 30 ml 1W Ivory,,1W Ivory,EA,12,2997403447137,33.97,active,
MS4010290,Velour Cosmetics,Velvet Matte Foundation 30 ml,2N Linen,makeup,Velour Cosmetics Velvet Matte Foundation 30 ml 2N Linen,,2N Linen,EA,12,2993618324218,37.27,active,
MS4010349,Velour Cosmetics,Velvet Matte Foundation 30 ml,2W Sand,makeup,Velour Cosmetics Velvet Matte Foundation 30 ml 2W Sand,,2W Sand,EA,12,2999471746488,34.18,active,
MS4010466,Velour Cosmetics,Velvet Matte Foundation 30 ml,3C Beige,makeup,Velour Cosmetics Velvet Matte Foundation 30 ml 3C Beige,,3C Beige,EA,12,2919065940139,35.89,active,
MS4010583,Velour Cosmetics,Velvet Matte Foundation 30 ml,3W Golden,makeup,Velour Cosmetics Velvet Matte Foundation 30 ml 3W Golden,,3W Golden,EA,12,2990490278745,37.4,active,
MS4010684,Velour Cosmetics,Velvet Matte Foundation 30 ml,4N Honey,makeup,Velour Cosmetics Velvet Matte Foundation 30 ml 4N Honey,,4N Honey,EA,12,2967175655122,34.61,active,
MS4010798,Velour Cosmetics,Velvet Matte Foundation 30 ml,4W Caramel,makeup,Velour Cosmetics Velvet Matte Foundation 30 ml 4W Caramel,,4W Caramel,EA,12,2974680715456,35.14,active,
MS4010861,Velour Cosmetics,Velvet Matte Foundation 30 ml,5N Amber,makeup,Velour Cosmetics Velvet Matte Foundation 30 ml 5N Amber,,5N Amber,EA,12,2980876038599,34.38,active,
MS4010990,Velour Cosmetics,Velvet Matte Foundation 30 ml,5W Toffee,makeup,Velour Cosmetics Velvet Matte Foundation 30 ml 5W Toffee,,5W Toffee,EA,12,2970348247710,36.67,active,
MS4011090,Velour Cosmetics,Velvet Matte Foundation 30 ml,6N Espresso,makeup,Velour Cosmetics Velvet Matte Foundation 30 ml 6N Espresso,,6N Espresso,EA,12,2993248086135,34.07,active,
MS4011124,Velour Cosmetics,Velvet Matte Foundation 30 ml,7N Ebony,makeup,Velour Cosmetics Velvet Matte Foundation 30 ml 7N Ebony,,7N Ebony,EA,12,2971274846770,37.51,active,
MS4020080,Velour Cosmetics,Soft Focus Blush,Peach,makeup,Velour Cosmetics Soft Focus Blush Peach,,Peach,EA,12,2926398214653,26.8,active,
MS4020174,Velour Cosmetics,Soft Focus Blush,Rosewood,makeup,Velour Cosmetics Soft Focus Blush Rosewood,,Rosewood,EA,12,2940449972781,28.69,active,
MS4020252,Velour Cosmetics,Soft Focus Blush,Mauve,makeup,Velour Cosmetics Soft Focus Blush Mauve,,Mauve,EA,12,2988675339633,27.46,active,
MS4020362,Velour Cosmetics,Soft Focus Blush,Apricot,makeup,Velour Cosmetics Soft Focus Blush Apricot,,Apricot,EA,12,2905766270286,28.48,active,
MS4030052,Velour Cosmetics,Brow Sculpt Pencil,Blonde,makeup,Velour Cosmetics Brow Sculpt Pencil Blonde,,Blonde,EA,12,2917187026212,20.15,active,
MS4030143,Velour Cosmetics,Brow Sculpt Pencil,Taupe,makeup,Velour Cosmetics Brow Sculpt Pencil Taupe,,Taupe,EA,12,2959615865789,19.19,active,
MS4030218,Velour Cosmetics,Brow Sculpt Pencil,Brunette,makeup,Velour Cosmetics Brow Sculpt Pencil Brunette,,Brunette,EA,12,2934316117245,18.36,active,
MS4030315,Velour Cosmetics,Brow Sculpt Pencil,Soft Black,makeup,Velour Cosmetics Brow Sculpt Pencil Soft Black,,Soft Black,EA,12,2950455623867,20.03,active,
MS5000033,Thornfield Grooming,Cedar Shave Cream,75 ml,grooming,Thornfield Grooming Cedar Shave Cream 75 ml,75 ml,,EA,12,2922196937923,28.89,active,
MS5000191,Thornfield Grooming,Cedar Shave Cream,150 ml,grooming,Thornfield Grooming Cedar Shave Cream 150 ml,150 ml,,EA,12,2947407482177,42.33,active,
MS5010085,Thornfield Grooming,Charcoal Face Wash,75 ml,grooming,Thornfield Grooming Charcoal Face Wash 75 ml,75 ml,,EA,12,2946474367134,29.97,active,
MS5010155,Thornfield Grooming,Charcoal Face Wash,150 ml,grooming,Thornfield Grooming Charcoal Face Wash 150 ml,150 ml,,EA,12,2994406409094,42.98,active,
MS5020046,Thornfield Grooming,Daily Moisturiser SPF 20,75 ml,grooming,Thornfield Grooming Daily Moisturiser SPF 20 75 ml,75 ml,,EA,12,2939533942106,41.16,active,
MS5030066,Thornfield Grooming,Beard Oil,30 ml,grooming,Thornfield Grooming Beard Oil 30 ml,30 ml,,EA,12,2909521456236,19.49,active,
MS5040079,Thornfield Grooming,Post-Shave Balm,75 ml,grooming,Thornfield Grooming Post-Shave Balm 75 ml,75 ml,,EA,12,2958842474511,33.17,active,
MS5040119,Thornfield Grooming,Post-Shave Balm,150 ml,grooming,Thornfield Grooming Post-Shave Balm 150 ml,150 ml,,EA,12,2923685160488,52.03,active,
MS5050057,Thornfield Grooming,Sport Deodorant Stick,75 g,grooming,Thornfield Grooming Sport Deodorant Stick 75 g,75 g,,EA,12,2949651370989,22.09,active,
MS6000088,Mistral Hair,Hydra Repair Shampoo,250 ml,haircare,Mistral Hair Hydra Repair Shampoo 250 ml,250 ml,,EA,12,2931746120043,51.63,active,
MS6000124,Mistral Hair,Hydra Repair Shampoo,1 L Salon,haircare,Mistral Hair Hydra Repair Shampoo 1 L Salon,1 L Salon,,EA,6,2913826758698,62.98,active,
MS6010029,Mistral Hair,Hydra Repair Conditioner,250 ml,haircare,Mistral Hair Hydra Repair Conditioner 250 ml,250 ml,,EA,12,2961796405371,53.8,active,
MS6010140,Mistral Hair,Hydra Repair Conditioner,1 L Salon,haircare,Mistral Hair Hydra Repair Conditioner 1 L Salon,1 L Salon,,EA,6,2951585064315,59.67,active,
MS6020068,Mistral Hair,Bond Rebuild Mask,200 ml,haircare,Mistral Hair Bond Rebuild Mask 200 ml,200 ml,,EA,12,2913900532930,76.82,active,
MS6020180,Mistral Hair,Bond Rebuild Mask,500 ml Salon,haircare,Mistral Hair Bond Rebuild Mask 500 ml Salon,500 ml Salon,,EA,6,2939335290429,91.86,active,
MS6030079,Mistral Hair,Sea Salt Texture Spray,150 ml,haircare,Mistral Hair Sea Salt Texture Spray 150 ml,150 ml,,EA,12,2942102053950,44.6,active,
MS6040043,Mistral Hair,Curl Define Cream,150 ml,haircare,Mistral Hair Curl Define Cream 150 ml,150 ml,,EA,12,2902681177584,44.15,active,
MS6040167,Mistral Hair,Curl Define Cream,500 ml Salon,haircare,Mistral Hair Curl Define Cream 500 ml Salon,500 ml Salon,,EA,6,2983908470077,72.67,active,
MS6050064,Mistral Hair,Colour Guard Shampoo,250 ml,haircare,Mistral Hair Colour Guard Shampoo 250 ml,250 ml,,EA,12,2917711592121,59.79,active,
MS6050191,Mistral Hair,Colour Guard Shampoo,1 L Salon,haircare,Mistral Hair Colour Guard Shampoo 1 L Salon,1 L Salon,,EA,6,2998569847892,64.52,active,
MS6060099,Mistral Hair,Scalp Balance Serum,50 ml,haircare,Mistral Hair Scalp Balance Serum 50 ml,50 ml,,EA,12,2918367365763,35.75,active,
MS7000022,Lune Rouge,Lacquer Nail Colour,101 Opera,makeup,Lune Rouge Lacquer Nail Colour 101 Opera,,101 Opera,EA,12,2956545271116,11.9,active,
MS7000122,Lune Rouge,Lacquer Nail Colour,104 Cherry Gloss,makeup,Lune Rouge Lacquer Nail Colour 104 Cherry Gloss,,104 Cherry Gloss,EA,12,2952809885167,11.51,active,
MS7000295,Lune Rouge,Lacquer Nail Colour,110 Ballet,makeup,Lune Rouge Lacquer Nail Colour 110 Ballet,,110 Ballet,EA,12,2960494519830,11.82,active,
MS7000371,Lune Rouge,Lacquer Nail Colour,115 Sable,makeup,Lune Rouge Lacquer Nail Colour 115 Sable,,115 Sable,EA,12,2931585149366,11.59,active,
MS7000489,Lune Rouge,Lacquer Nail Colour,120 Midnight,makeup,Lune Rouge Lacquer Nail Colour 120 Midnight,,120 Midnight,EA,12,2998094024454,12.41,active,
MS7000533,Lune Rouge,Lacquer Nail Colour,123 Mint Chip,makeup,Lune Rouge Lacquer Nail Colour 123 Mint Chip,,123 Mint Chip,EA,12,2929612018365,11.82,active,
MS7000653,Lune Rouge,Lacquer Nail Colour,130 Coral Reef,makeup,Lune Rouge Lacquer Nail Colour 130 Coral Reef,,130 Coral Reef,EA,12,2925459910220,11.9,active,
MS7000716,Lune Rouge,Lacquer Nail Colour,135 Lilac,makeup,Lune Rouge Lacquer Nail Colour 135 Lilac,,135 Lilac,EA,12,2914767976431,12.31,active,
MS7000824,Lune Rouge,Lacquer Nail Colour,140 Gunmetal,makeup,Lune Rouge Lacquer Nail Colour 140 Gunmetal,,140 Gunmetal,EA,12,2956149784036,12.31,active,
MS7000986,Lune Rouge,Lacquer Nail Colour,145 Bordeaux,makeup,Lune Rouge Lacquer Nail Colour 145 Bordeaux,,145 Bordeaux,EA,12,2900343244513,11.87,active,
MS7010065,Lune Rouge,Precision Liquid Eyeliner,Black,makeup,Lune Rouge Precision Liquid Eyeliner Black,,Black,EA,12,2922683885164,17.11,active,
MS7010115,Lune Rouge,Precision Liquid Eyeliner,Brown,makeup,Lune Rouge Precision Liquid Eyeliner Brown,,Brown,EA,12,2960715969666,18.65,active,
MS7010261,Lune Rouge,Precision Liquid Eyeliner,Navy,makeup,Lune Rouge Precision Liquid Eyeliner Navy,,Navy,EA,12,2905297516136,17.62,active,
MS7020061,Lune Rouge,Lash Lift Mascara,Black,makeup,Lune Rouge Lash Lift Mascara Black,,Black,EA,12,2981645352182,19.87,active,
MS7020177,Lune Rouge,Lash Lift Mascara,Brown Black,makeup,Lune Rouge Lash Lift Mascara Brown Black,,Brown Black,EA,12,2983552312433,20.27,active,
MS7030029,Lune Rouge,Glow Highlighter,Moonstone,makeup,Lune Rouge Glow Highlighter Moonstone,,Moonstone,EA,12,2912779979952,21.28,active,
MS7030190,Lune Rouge,Glow Highlighter,Champagne,makeup,Lune Rouge Glow Highlighter Champagne,,Champagne,EA,12,2952717744907,22.8,active,
MS7030219,Lune Rouge,Glow Highlighter,Rose Gold,makeup,Lune Rouge Glow Highlighter Rose Gold,,Rose Gold,EA,12,2947700541199,21.67,active,
MS7040059,Lune Rouge,Lip Gloss Mirror,Clear,makeup,Lune Rouge Lip Gloss Mirror Clear,,Clear,EA,12,2979807935977,16.15,active,
MS7040117,Lune Rouge,Lip Gloss Mirror,Pink Pearl,makeup,Lune Rouge Lip Gloss Mirror Pink Pearl,,Pink Pearl,EA,12,2971518203772,16.0,active,
MS7040288,Lune Rouge,Lip Gloss Mirror,Bronze,makeup,Lune Rouge Lip Gloss Mirror Bronze,,Bronze,EA,12,2925546659056,16.04,active,
MS8000022,Ember & Oak,Fig & Cedar Candle,190 g,home,Ember & Oak Fig & Cedar Candle 190 g,190 g,,EA,4,2986449251921,89.5,active,
MS8000149,Ember & Oak,Fig & Cedar Candle,400 g,home,Ember & Oak Fig & Cedar Candle 400 g,400 g,,EA,4,2962914865282,131.25,active,
MS8010095,Ember & Oak,Amber Woods Candle,190 g,home,Ember & Oak Amber Woods Candle 190 g,190 g,,EA,4,2968505423572,89.76,active,
MS8010127,Ember & Oak,Amber Woods Candle,400 g,home,Ember & Oak Amber Woods Candle 400 g,400 g,,EA,4,2921418880597,122.12,active,
MS8020058,Ember & Oak,Linen Breeze Reed Diffuser,200 ml,home,Ember & Oak Linen Breeze Reed Diffuser 200 ml,200 ml,,EA,4,2922292706539,123.91,active,
MS8030088,Ember & Oak,Black Tea Room Spray,100 ml,home,Ember & Oak Black Tea Room Spray 100 ml,100 ml,,EA,4,2947383473596,49.99,active,
MS8040069,Ember & Oak,Wild Mint Candle,190 g,home,Ember & Oak Wild Mint Candle 190 g,190 g,,EA,4,2946886239241,98.1,active,
MS8040171,Ember & Oak,Wild Mint Candle,400 g,home,Ember & Oak Wild Mint Candle 400 g,400 g,,EA,4,2958181412472,120.36,active,
MS7840059,Lune Rouge,Lip Gloss Mirror,Clear,makeup,Lune Rouge Lip Gloss Mirror Clear (2024 pack),,Clear,EA,12,2930515220472,16.15,discontinued,MS7040059
MS4810990,Velour Cosmetics,Velvet Matte Foundation 30 ml,5W Toffee,makeup,Velour Cosmetics Velvet Matte Foundation 30 ml 5W Toffee (2024 pack),,5W Toffee,EA,12,2927790104320,36.67,discontinued,MS4010990
MS2800215,Kōri Botanicals,Yuzu Brightening Essence,200 ml,skincare,Kōri Botanicals Yuzu Brightening Essence 200 ml (2024 pack),200 ml,,EA,6,2989861434101,97.25,discontinued,MS2000215
MS7800986,Lune Rouge,Lacquer Nail Colour,145 Bordeaux,makeup,Lune Rouge Lacquer Nail Colour 145 Bordeaux (2024 pack),,145 Bordeaux,EA,12,2936971179804,11.87,discontinued,MS7000986
MS4800958,Velour Cosmetics,Satin Lip Colour,30 Fuchsia,makeup,Velour Cosmetics Satin Lip Colour 30 Fuchsia (2024 pack),,30 Fuchsia,EA,12,2989324609534,25.43,discontinued,MS4000958
MS1850061,Solenne Paris,Huile Précieuse Face Oil,30 ml,skincare,Solenne Paris Huile Précieuse Face Oil 30 ml (2024 pack),30 ml,,EA,6,2996218518889,72.16,discontinued,MS1050061
MS7840117,Lune Rouge,Lip Gloss Mirror,Pink Pearl,makeup,Lune Rouge Lip Gloss Mirror Pink Pearl (2024 pack),,Pink Pearl,EA,12,2988067065409,16.0,discontinued,MS7040117
MS2850139,Kōri Botanicals,Sakura Dew Sleeping Mask,100 ml,skincare,Kōri Botanicals Sakura Dew Sleeping Mask 100 ml (2024 pack),100 ml,,EA,6,2951531952055,49.04,discontinued,MS2050139
MS7800716,Lune Rouge,Lacquer Nail Colour,135 Lilac,makeup,Lune Rouge Lacquer Nail Colour 135 Lilac (2024 pack),,135 Lilac,EA,12,2985277221700,12.31,discontinued,MS7000716
MS4810167,Velour Cosmetics,Velvet Matte Foundation 30 ml,1W Ivory,makeup,Velour Cosmetics Velvet Matte Foundation 30 ml 1W Ivory (2024 pack),,1W Ivory,EA,12,2943030548686,33.97,discontinued,MS4010167
MS7830190,Lune Rouge,Glow Highlighter,Champagne,makeup,Lune Rouge Glow Highlighter Champagne (2024 pack),,Champagne,EA,12,2974034505412,22.8,discontinued,MS7030190
MS3860057,Atelier Noor,Iris Poudré Eau de Parfum,50 ml,fragrance,Atelier Noor Iris Poudré Eau de Parfum 50 ml (2024 pack),50 ml,,EA,6,2956676527755,135.03,discontinued,MS3060057
MS1810090,Solenne Paris,Crème Lumière Day Cream,15 ml,skincare,Solenne Paris Crème Lumière Day Cream 15 ml (2024 pack),15 ml,,EA,6,2984161692848,51.27,discontinued,MS1010090
MS4800716,Velour Cosmetics,Satin Lip Colour,22 Corail,makeup,Velour Cosmetics Satin Lip Colour 22 Corail (2024 pack),,22 Corail,EA,12,2951154479625,23.97,discontinued,MS4000716
MS1820092,Solenne Paris,Baume Nuit Night Balm,30 ml,skincare,Solenne Paris Baume Nuit Night Balm 30 ml (2024 pack),30 ml,,EA,6,2975705964019,78.66,discontinued,MS1020092
MS4800478,Velour Cosmetics,Satin Lip Colour,12 Rouge Velours,makeup,Velour Cosmetics Satin Lip Colour 12 Rouge Velours (2024 pack),,12 Rouge Velours,EA,12,2965820297024,23.81,discontinued,MS4000478
MS4810861,Velour Cosmetics,Velvet Matte Foundation 30 ml,5N Amber,makeup,Velour Cosmetics Velvet Matte Foundation 30 ml 5N Amber (2024 pack),,5N Amber,EA,12,2913556909278,34.38,discontinued,MS4010861
MS4800134,Velour Cosmetics,Satin Lip Colour,03 Petal,makeup,Velour Cosmetics Satin Lip Colour 03 Petal (2024 pack),,03 Petal,EA,12,2955719285652,23.54,discontinued,MS4000134
MS3800150,Atelier Noor,Oud Saffron Eau de Parfum,50 ml,fragrance,Atelier Noor Oud Saffron Eau de Parfum 50 ml (2024 pack),50 ml,,EA,6,2943102786817,158.95,discontinued,MS3000150
MS4800380,Velour Cosmetics,Satin Lip Colour,08 Terracotta,makeup,Velour Cosmetics Satin Lip Colour 08 Terracotta (2024 pack),,08 Terracotta,EA,12,2944739473125,25.98,discontinued,MS4000380
MS1840049,Solenne Paris,Contour des Yeux Eye Cream,15 ml,skincare,Solenne Paris Contour des Yeux Eye Cream 15 ml (2024 pack),15 ml,,EA,6,2917271551880,43.59,discontinued,MS1040049
MS7810115,Lune Rouge,Precision Liquid Eyeliner,Brown,makeup,Lune Rouge Precision Liquid Eyeliner Brown (2024 pack),,Brown,EA,12,2944225831323,18.65,discontinued,MS7010115
