sold_to_id,retailer,retailer_item_id,material_id
100100,Halcyon & Finch,41774192,MS1000013
100100,Halcyon & Finch,13527782,MS1000137
100100,Halcyon & Finch,86809773,MS1000210
100100,Halcyon & Finch,84040798,MS1010090
100100,Halcyon & Finch,21571646,MS1010158
100100,Halcyon & Finch,74245343,MS1020092
100100,Halcyon & Finch,64953237,MS1020161
100100,Halcyon & Finch,19898653,MS1030011
100100,Halcyon & Finch,52550733,MS1030143
100100,Halcyon & Finch,70394554,MS1040049
100100,Halcyon & Finch,79438885,MS1050061
100100,Halcyon & Finch,83994695,MS1060019
100100,Halcyon & Finch,34422678,MS1060170
100100,Halcyon & Finch,27318510,MS1070033
100100,Halcyon & Finch,17437386,MS1070140
100100,Halcyon & Finch,79538491,MS2000084
100100,Halcyon & Finch,32099899,MS2000175
100100,Halcyon & Finch,40262109,MS2000215
100100,Halcyon & Finch,20584397,MS2010137
100100,Halcyon & Finch,46836194,MS2020129
100100,Halcyon & Finch,50644430,MS2030016
100100,Halcyon & Finch,22539748,MS2030164
100100,Halcyon & Finch,32633927,MS2040026
100100,Halcyon & Finch,87933054,MS2040162
100100,Halcyon & Finch,98413629,MS2050041
100100,Halcyon & Finch,91220369,MS2050139
100100,Halcyon & Finch,85647532,MS3000078
100100,Halcyon & Finch,13808225,MS3000150
100100,Halcyon & Finch,96094462,MS3000278
100100,Halcyon & Finch,45521514,MS3010048
100100,Halcyon & Finch,86790955,MS3010166
100100,Halcyon & Finch,95763946,MS3010240
100100,Halcyon & Finch,94176528,MS3020038
100100,Halcyon & Finch,74819756,MS3030052
100100,Halcyon & Finch,64504816,MS3030152
100100,Halcyon & Finch,19794273,MS3040044
100100,Halcyon & Finch,31217198,MS3040160
100100,Halcyon & Finch,74995086,MS3040237
100100,Halcyon & Finch,55659873,MS3050040
100100,Halcyon & Finch,52857920,MS3060057
100100,Halcyon & Finch,27551135,MS4000051
100100,Halcyon & Finch,79119463,MS4000134
100100,Halcyon & Finch,52831009,MS4000238
100100,Halcyon & Finch,26444612,MS4000380
100100,Halcyon & Finch,43275109,MS4000478
100100,Halcyon & Finch,16792127,MS4000547
100100,Halcyon & Finch,66121095,MS4000716
100100,Halcyon & Finch,31434525,MS4000882
100100,Halcyon & Finch,87535841,MS4000958
100100,Halcyon & Finch,35479101,MS4010022
100100,Halcyon & Finch,72654864,MS4010290
100100,Halcyon & Finch,51411602,MS4010349
100100,Halcyon & Finch,77839607,MS4010583
100100,Halcyon & Finch,42310051,MS4010684
100100,Halcyon & Finch,57364777,MS4010798
100100,Halcyon & Finch,47763008,MS4010861
100100,Halcyon & Finch,97813295,MS4010990
100100,Halcyon & Finch,48352498,MS4011090
100100,Halcyon & Finch,24428014,MS4011124
100100,Halcyon & Finch,45496951,MS4020080
100100,Halcyon & Finch,64123845,MS4020174
100100,Halcyon & Finch,63765155,MS4020252
100100,Halcyon & Finch,85405783,MS4020362
100100,Halcyon & Finch,84252324,MS4030052
100100,Halcyon & Finch,61854861,MS4030143
100100,Halcyon & Finch,83800569,MS4030218
100100,Halcyon & Finch,93650068,MS4030315
100100,Halcyon & Finch,25946545,MS5000033
100100,Halcyon & Finch,22976369,MS5000191
100100,Halcyon & Finch,55511258,MS5010085
100100,Halcyon & Finch,59070856,MS5010155
100100,Halcyon & Finch,36717096,MS5020046
100100,Halcyon & Finch,63873262,MS5030066
100100,Halcyon & Finch,16080513,MS5040079
100100,Halcyon & Finch,54699966,MS5040119
100100,Halcyon & Finch,79703656,MS5050057
100100,Halcyon & Finch,28761086,MS6000124
100100,Halcyon & Finch,92284610,MS6010029
100100,Halcyon & Finch,50162553,MS6020068
100100,Halcyon & Finch,78090664,MS6020180
100100,Halcyon & Finch,81449442,MS6030079
100100,Halcyon & Finch,85554415,MS6040043
100100,Halcyon & Finch,12232974,MS6040167
100100,Halcyon & Finch,88343175,MS6050191
100100,Halcyon & Finch,94457912,MS6060099
100100,Halcyon & Finch,73698420,MS7000022
100100,Halcyon & Finch,97991930,MS7000122
100100,Halcyon & Finch,87641510,MS7000295
100100,Halcyon & Finch,16892773,MS7000371
100100,Halcyon & Finch,32885741,MS7000489
100100,Halcyon & Finch,93179531,MS7000533
100100,Halcyon & Finch,61028283,MS7000653
100100,Halcyon & Finch,42507072,MS7000716
100100,Halcyon & Finch,24749927,MS7000824
100100,Halcyon & Finch,69195194,MS7000986
100100,Halcyon & Finch,30324759,MS7010065
100100,Halcyon & Finch,37365878,MS7010115
100100,Halcyon & Finch,18359252,MS7020061
100100,Halcyon & Finch,79616482,MS7020177
100100,Halcyon & Finch,74205866,MS7030190
100100,Halcyon & Finch,55946354,MS7040117
100100,Halcyon & Finch,96343485,MS7040288
100100,Halcyon & Finch,45482091,MS8000022
100100,Halcyon & Finch,47447604,MS8010095
100100,Halcyon & Finch,49945150,MS8020058
100100,Halcyon & Finch,37820354,MS8030088
100100,Halcyon & Finch,75632882,MS8040069
100100,Halcyon & Finch,56815569,MS8040171
401000,Harlow & Vale,158338,MS1000013
401000,Harlow & Vale,638179,MS1000137
401000,Harlow & Vale,691303,MS1000210
401000,Harlow & Vale,584838,MS1010090
401000,Harlow & Vale,423139,MS1010158
401000,Harlow & Vale,515182,MS1010278
401000,Harlow & Vale,103161,MS1020092
401000,Harlow & Vale,706403,MS1020161
401000,Harlow & Vale,544278,MS1030011
401000,Harlow & Vale,166857,MS1030143
401000,Harlow & Vale,595002,MS1060019
401000,Harlow & Vale,528728,MS1060170
401000,Harlow & Vale,242007,MS1070033
401000,Harlow & Vale,864715,MS1070140
401000,Harlow & Vale,540781,MS2000084
401000,Harlow & Vale,501058,MS2000175
401000,Harlow & Vale,495833,MS2000215
401000,Harlow & Vale,665497,MS2010137
401000,Harlow & Vale,464663,MS2020048
401000,Harlow & Vale,663356,MS2020129
401000,Harlow & Vale,233533,MS2030016
401000,Harlow & Vale,333507,MS2030164
401000,Harlow & Vale,892911,MS2040026
401000,Harlow & Vale,412856,MS2040162
401000,Harlow & Vale,854024,MS2050041
401000,Harlow & Vale,657772,MS2050139
401000,Harlow & Vale,340820,MS3000078
401000,Harlow & Vale,462974,MS3000150
401000,Harlow & Vale,860242,MS3010048
401000,Harlow & Vale,133782,MS3010166
401000,Harlow & Vale,539605,MS3010240
401000,Harlow & Vale,116405,MS3020038
401000,Harlow & Vale,170559,MS3020181
401000,Harlow & Vale,135207,MS3030052
401000,Harlow & Vale,804667,MS3030152
401000,Harlow & Vale,151040,MS3040044
401000,Harlow & Vale,146385,MS3040160
401000,Harlow & Vale,345722,MS3040237
401000,Harlow & Vale,159185,MS3050124
401000,Harlow & Vale,403314,MS3060057
401000,Harlow & Vale,867051,MS3060165
401000,Harlow & Vale,705526,MS4000051
401000,Harlow & Vale,805200,MS4000134
401000,Harlow & Vale,348411,MS4000238
401000,Harlow & Vale,646571,MS4000478
401000,Harlow & Vale,415098,MS4000547
401000,Harlow & Vale,756401,MS4000882
401000,Harlow & Vale,682851,MS4000958
401000,Harlow & Vale,803953,MS4010167
401000,Harlow & Vale,649939,MS4010290
401000,Harlow & Vale,536548,MS4010349
401000,Harlow & Vale,414455,MS4010466
401000,Harlow & Vale,891062,MS4010583
401000,Harlow & Vale,352673,MS4010684
401000,Harlow & Vale,251363,MS4010861
401000,Harlow & Vale,160423,MS4010990
401000,Harlow & Vale,536740,MS4011090
401000,Harlow & Vale,240606,MS4011124
401000,Harlow & Vale,367382,MS4020080
401000,Harlow & Vale,778120,MS4020174
401000,Harlow & Vale,571635,MS4020252
401000,Harlow & Vale,196955,MS4020362
401000,Harlow & Vale,969695,MS4030052
401000,Harlow & Vale,381502,MS4030143
401000,Harlow & Vale,734356,MS4030218
401000,Harlow & Vale,176319,MS4030315
401000,Harlow & Vale,898696,MS5000033
401000,Harlow & Vale,804066,MS5000191
401000,Harlow & Vale,602681,MS5010085
401000,Harlow & Vale,449138,MS5010155
401000,Harlow & Vale,116078,MS5020046
401000,Harlow & Vale,223014,MS5040079
401000,Harlow & Vale,890973,MS5040119
401000,Harlow & Vale,354377,MS5050057
401000,Harlow & Vale,837954,MS6000088
401000,Harlow & Vale,350956,MS6000124
401000,Harlow & Vale,913185,MS6010029
401000,Harlow & Vale,588899,MS6010140
401000,Harlow & Vale,476710,MS6020068
401000,Harlow & Vale,477114,MS6020180
401000,Harlow & Vale,621433,MS6030079
401000,Harlow & Vale,592296,MS6040167
401000,Harlow & Vale,488712,MS6050191
401000,Harlow & Vale,147936,MS6060099
401000,Harlow & Vale,332022,MS7000022
401000,Harlow & Vale,117007,MS7000122
401000,Harlow & Vale,712401,MS7000295
401000,Harlow & Vale,537862,MS7000371
401000,Harlow & Vale,305721,MS7000489
401000,Harlow & Vale,498290,MS7000533
401000,Harlow & Vale,357666,MS7000653
401000,Harlow & Vale,453961,MS7000824
401000,Harlow & Vale,961501,MS7000986
401000,Harlow & Vale,858705,MS7010065
401000,Harlow & Vale,614426,MS7010115
401000,Harlow & Vale,868367,MS7010261
401000,Harlow & Vale,277487,MS7020061
401000,Harlow & Vale,673095,MS7020177
401000,Harlow & Vale,161585,MS7030190
401000,Harlow & Vale,979827,MS7030219
401000,Harlow & Vale,957730,MS7040059
401000,Harlow & Vale,901467,MS7040117
401000,Harlow & Vale,244170,MS7040288
401000,Harlow & Vale,342675,MS8000022
401000,Harlow & Vale,258366,MS8000149
401000,Harlow & Vale,630299,MS8010095
401000,Harlow & Vale,163386,MS8010127
401000,Harlow & Vale,606676,MS8030088
401000,Harlow & Vale,116495,MS8040069
401000,Harlow & Vale,678440,MS8040171
300500,Meridian Travel Retail,MTR-45842,MS1000013
300500,Meridian Travel Retail,MTR-85166,MS1000137
300500,Meridian Travel Retail,MTR-61712,MS1010090
300500,Meridian Travel Retail,MTR-29198,MS1010158
300500,Meridian Travel Retail,MTR-20358,MS1020092
300500,Meridian Travel Retail,MTR-67983,MS1020161
300500,Meridian Travel Retail,MTR-72793,MS1030011
300500,Meridian Travel Retail,MTR-80592,MS1030143
300500,Meridian Travel Retail,MTR-83664,MS1040049
300500,Meridian Travel Retail,MTR-27992,MS1050061
300500,Meridian Travel Retail,MTR-86917,MS1060019
300500,Meridian Travel Retail,MTR-16653,MS1060170
300500,Meridian Travel Retail,MTR-79604,MS1070033
300500,Meridian Travel Retail,MTR-40518,MS1070140
300500,Meridian Travel Retail,MTR-64172,MS3000078
300500,Meridian Travel Retail,MTR-71918,MS3000150
300500,Meridian Travel Retail,MTR-28018,MS3000278
300500,Meridian Travel Retail,MTR-30701,MS3010166
300500,Meridian Travel Retail,MTR-72350,MS3010240
300500,Meridian Travel Retail,MTR-36143,MS3020038
300500,Meridian Travel Retail,MTR-47649,MS3020181
300500,Meridian Travel Retail,MTR-94659,MS3030052
300500,Meridian Travel Retail,MTR-21725,MS3030152
300500,Meridian Travel Retail,MTR-40437,MS3040044
300500,Meridian Travel Retail,MTR-32946,MS3040237
300500,Meridian Travel Retail,MTR-62034,MS3060057
300500,Meridian Travel Retail,MTR-11214,MS4000134
300500,Meridian Travel Retail,MTR-89007,MS4000238
300500,Meridian Travel Retail,MTR-53914,MS4000380
300500,Meridian Travel Retail,MTR-94058,MS4000478
300500,Meridian Travel Retail,MTR-71344,MS4000716
300500,Meridian Travel Retail,MTR-24764,MS4000882
300500,Meridian Travel Retail,MTR-70150,MS4000958
300500,Meridian Travel Retail,MTR-34405,MS4010022
300500,Meridian Travel Retail,MTR-54185,MS4010167
300500,Meridian Travel Retail,MTR-84420,MS4010290
300500,Meridian Travel Retail,MTR-35318,MS4010349
300500,Meridian Travel Retail,MTR-66059,MS4010583
300500,Meridian Travel Retail,MTR-21368,MS4010684
300500,Meridian Travel Retail,MTR-22502,MS4010798
300500,Meridian Travel Retail,MTR-28430,MS4010861
300500,Meridian Travel Retail,MTR-42512,MS4010990
300500,Meridian Travel Retail,MTR-60275,MS4011090
300500,Meridian Travel Retail,MTR-49576,MS4020080
300500,Meridian Travel Retail,MTR-85088,MS4020174
300500,Meridian Travel Retail,MTR-95679,MS4020252
300500,Meridian Travel Retail,MTR-40972,MS4020362
300500,Meridian Travel Retail,MTR-25495,MS4030052
300500,Meridian Travel Retail,MTR-30934,MS4030143
300500,Meridian Travel Retail,MTR-50760,MS4030315
300500,Meridian Travel Retail,MTR-48671,MS7000122
300500,Meridian Travel Retail,MTR-38947,MS7000295
300500,Meridian Travel Retail,MTR-27507,MS7000371
300500,Meridian Travel Retail,MTR-69634,MS7000489
300500,Meridian Travel Retail,MTR-89395,MS7000533
300500,Meridian Travel Retail,MTR-80453,MS7000716
300500,Meridian Travel Retail,MTR-38627,MS7000824
300500,Meridian Travel Retail,MTR-99173,MS7000986
300500,Meridian Travel Retail,MTR-20730,MS7010065
300500,Meridian Travel Retail,MTR-79228,MS7010115
300500,Meridian Travel Retail,MTR-24707,MS7020061
300500,Meridian Travel Retail,MTR-36497,MS7030029
300500,Meridian Travel Retail,MTR-29641,MS7030190
300500,Meridian Travel Retail,MTR-78202,MS7030219
300500,Meridian Travel Retail,MTR-99167,MS7040059
300500,Meridian Travel Retail,MTR-86434,MS7040117
300500,Meridian Travel Retail,MTR-76895,MS7040288
