ship_to_id,sold_to_id,location_code,location_name,address,status,closed_date
100100-0041,100100,0041,Secaucus Distribution Center,"400 Meadowlands Pkwy, Secaucus, NJ 07094",open,
100100-0042,100100,0042,Columbus Distribution Center,"2100 Rickenbacker Pkwy, Columbus, OH 43217",closed,2026-09-01
100100-0047,100100,0047,Groveport Distribution Center,"5800 Groveport Rd, Groveport, OH 43125",open,
100100-0055,100100,0055,Ontario West Distribution Center,"1450 S Milliken Ave, Ontario, CA 91761",open,
100200-DAL1,100200,DAL1,Dallas Fulfillment,"8800 Westcott Dr, Dallas, TX 75235",open,
100200-RNO2,100200,RNO2,Reno Fulfillment,"1200 Lockheed Way, Reno, NV 89523",open,
200300-LYO,200300,LYO,Entrepôt Lyon Corbas,"12 rue des Frères Lumière, 69960 Corbas",open,
200300-LIL,200300,LIL,Entrepôt Lille Lesquin,"5 allée de la Pharmacie, 59810 Lesquin",open,
200400-MI01,200400,MI01,Negozio Milano Brera,"Via Solferino 14, 20121 Milano",open,
200400-TO01,200400,TO01,Negozio Torino Centro,"Via Roma 101, 10123 Torino",open,
300500-DXB-T3,300500,DXB-T3,Dubai Intl Terminal 3,"DXB Airport T3 Bonded Store, Dubai",open,
300500-CDG-2E,300500,CDG-2E,Paris CDG Terminal 2E,"Aéroport CDG T2E Zone Sous Douane, Roissy",open,
300500-SIN-T1,300500,SIN-T1,Singapore Changi T1,"Changi Airport T1 Bonded, Singapore",open,
300500-LHR-T5,300500,LHR-T5,London Heathrow T5,"LHR T5 Airside Bonded, Hounslow",open,
300500-JFK-T4,300500,JFK-T4,New York JFK T4,"JFK T4 Bonded Warehouse, Jamaica NY",open,
200600-LEJ,200600,LEJ,Fulfillment Center Leipzig,"Am Exer 7, 04158 Leipzig",open,
200600-CGN,200600,CGN,Fulfillment Center Köln,"Industriestraße 40, 50735 Köln",open,
300700-JAFZ,300700,JAFZ,Jebel Ali Free Zone Warehouse,"Plot S30215, JAFZ South, Dubai",open,
300700-AUH,300700,AUH,Abu Dhabi Mussafah Warehouse,"M-26 Mussafah Industrial, Abu Dhabi",open,
400800-PRY,400800,PRY,Park Royal Depot,"Unit 4 Abbey Road Ind. Est., London NW10 7SB",open,
400800-MAN,400800,MAN,Manchester Depot,"Trafford Park Rd, Manchester M17 1HG",open,
100900-SAC,100900,SAC,Sacramento DC,"4200 Power Inn Rd, Sacramento, CA 95826",open,
100900-PDX,100900,PDX,Portland DC,"9600 NE Cascades Pkwy, Portland, OR 97220",open,
401000-MKDC,401000,MKDC,Milton Keynes DC,"Kingston Gateway, Milton Keynes MK10 0BA",open,
401000-OXF,401000,OXF,Oxford Street Store,"334 Oxford Street, London W1C 1JG",open,
200651-MUC1,200651,MUC1,Filiale Maximilianstraße,"Maximilianstraße 21, 80539 München",open,
200651-MUC2,200651,MUC2,Filiale Schwabing,"Leopoldstraße 88, 80802 München",open,
200652-HAM1,200652,HAM1,Filiale Jungfernstieg,"Jungfernstieg 7, 20354 Hamburg",open,
200652-HAM2,200652,HAM2,Filiale Altona,"Ottenser Hauptstraße 12, 22765 Hamburg",open,
200653-CGN1,200653,CGN1,Geschäft Ehrenstraße,"Ehrenstraße 50, 50672 Köln",open,
200653-CGN2,200653,CGN2,Geschäft Rodenkirchen,"Hauptstraße 70, 50996 Köln",open,
200654-LEJ1,200654,LEJ1,Am Markt 3,"Markt 3, 04109 Leipzig",open,
200654-LEJ2,200654,LEJ2,Filiale Gohlis,"Georg-Schumann-Straße 120, 04155 Leipzig",open,
