doc_id,relative_path,channel,retailer,file_format,received_at,sender,subject,page_count,po_count,line_count,doc_type,complexity
DOC-00001,erp_edi/DOC-00001.edi,erp_edi,Halcyon & Finch,edi,2026-09-14T07:18:50+00:00,AS2:HALCYONFINCH,X12 850 ICN 926394,1,2,19,erp_edi,2
DOC-00002,erp_edi/DOC-00002.edi,erp_edi,Halcyon & Finch,edi,2026-09-20T06:15:02+00:00,AS2:HALCYONFINCH,X12 850 ICN 190707,1,2,29,erp_edi,2
DOC-00003,erp_edi/DOC-00003.edi,erp_edi,Halcyon & Finch,edi,2026-09-19T08:08:21+00:00,AS2:HALCYONFINCH,X12 850 ICN 721121,1,1,126,erp_edi,2
DOC-00004,erp_edi/DOC-00004.edi,erp_edi,Halcyon & Finch,edi,2026-09-16T17:34:13+00:00,AS2:HALCYONFINCH,X12 850 ICN 699198,1,1,8,erp_edi,1
DOC-00005,erp_edi/DOC-00005.edi,erp_edi,Halcyon & Finch,edi,2026-09-18T11:31:55+00:00,AS2:HALCYONFINCH,X12 850 ICN 648684,1,1,4,erp_edi,1
DOC-00006,erp_edi/DOC-00006.edi,erp_edi,Halcyon & Finch,edi,2026-09-07T11:56:26+00:00,AS2:HALCYONFINCH,X12 850 ICN 308535,1,1,9,erp_edi,1
DOC-00007,erp_edi/DOC-00007.edi,erp_edi,Halcyon & Finch,edi,2026-09-10T07:46:32+00:00,AS2:HALCYONFINCH,X12 850 ICN 564523,1,1,12,erp_edi,1
DOC-00008,erp_edi/DOC-00008.edi,erp_edi,Halcyon & Finch,edi,2026-09-06T17:18:27+00:00,AS2:HALCYONFINCH,X12 850 ICN 916558,1,1,18,erp_edi,1
DOC-00009,erp_edi/DOC-00009.edi,erp_edi,Halcyon & Finch,edi,2026-09-09T19:38:55+00:00,AS2:HALCYONFINCH,X12 850 ICN 650912,1,1,19,erp_edi,1
DOC-00010,erp_edi/DOC-00010.edi,erp_edi,Halcyon & Finch,edi,2026-09-11T12:15:39+00:00,AS2:HALCYONFINCH,X12 850 ICN 589554,1,1,14,erp_edi,1
DOC-00011,erp_edi/DOC-00011.edi,erp_edi,Halcyon & Finch,edi,2026-09-18T07:15:30+00:00,AS2:HALCYONFINCH,X12 850 ICN 266744,1,1,22,erp_edi,1
DOC-00012,erp_edi/DOC-00012.edi,erp_edi,Halcyon & Finch,edi,2026-09-22T10:12:02+00:00,AS2:HALCYONFINCH,X12 850 ICN 764469,1,1,19,erp_edi,1
DOC-00013,erp_edi/DOC-00013.edi,erp_edi,Halcyon & Finch,edi,2026-09-20T16:40:00+00:00,AS2:HALCYONFINCH,X12 850 ICN 196407,1,1,8,erp_edi,1
DOC-00014,email_pdf/DOC-00014.eml,email_pdf,Glow Republic,eml,2026-09-22T10:17:43+00:00,purchasing@glowrepublic.example,Purchase Order GR-2026-61181,4,1,90,email_pdf,2
DOC-00015,email_pdf/DOC-00015.eml,email_pdf,Glow Republic,eml,2026-09-12T09:35:26+00:00,purchasing@glowrepublic.example,Purchase Order GR-2026-28837,1,1,18,email_pdf,1
DOC-00016,email_pdf/DOC-00016.eml,email_pdf,Glow Republic,eml,2026-09-16T16:08:01+00:00,purchasing@glowrepublic.example,Purchase Order GR-2026-99015,1,1,6,email_pdf,1
DOC-00017,email_pdf/DOC-00017.eml,email_pdf,Glow Republic,eml,2026-09-22T08:01:34+00:00,purchasing@glowrepublic.example,Purchase Order GR-2026-13506,1,1,12,email_pdf,1
DOC-00018,email_pdf/DOC-00018.eml,email_pdf,Glow Republic,eml,2026-09-28T08:16:43+00:00,purchasing@glowrepublic.example,Purchase Order GR-2026-65374,1,1,13,email_pdf,1
DOC-00019,email_pdf/DOC-00019.eml,email_pdf,Glow Republic,eml,2026-09-05T15:05:07+00:00,purchasing@glowrepublic.example,Purchase Order GR-2026-35154,2,1,20,email_pdf,1
DOC-00020,email_pdf/DOC-00020.eml,email_pdf,Glow Republic,eml,2026-09-25T18:38:45+00:00,purchasing@glowrepublic.example,Purchase Order GR-2026-95089,1,1,13,email_pdf,1
DOC-00021,email_pdf/DOC-00021.eml,email_pdf,Glow Republic,eml,2026-09-21T12:30:17+00:00,purchasing@glowrepublic.example,Purchase Order GR-2026-59930,2,1,20,email_pdf,1
DOC-00022,email_pdf/DOC-00022.eml,email_pdf,Glow Republic,eml,2026-09-27T13:09:30+00:00,purchasing@glowrepublic.example,Purchase Order GR-2026-58265,1,1,13,email_pdf,1
DOC-00023,email_pdf/DOC-00023.eml,email_pdf,Glow Republic,eml,2026-09-05T13:08:11+00:00,purchasing@glowrepublic.example,Purchase Order GR-2026-68361,1,1,9,email_pdf,1
DOC-00024,email_pdf/DOC-00024.eml,email_pdf,Glow Republic,eml,2026-09-04T08:54:44+00:00,purchasing@glowrepublic.example,Purchase Order GR-2026-64523,1,1,3,email_pdf,1
DOC-00025,email_pdf/DOC-00025.eml,email_pdf,Glow Republic,eml,2026-09-27T12:26:58+00:00,purchasing@glowrepublic.example,Purchase Order GR-2026-69917,1,1,6,email_pdf,1
DOC-00026,email_pdf/DOC-00026.eml,email_pdf,Glow Republic,eml,2026-09-22T06:47:10+00:00,purchasing@glowrepublic.example,Purchase Order GR-2026-57418,1,1,19,email_pdf,1
DOC-00027,email_pdf/DOC-00027.eml,email_pdf,Glow Republic,eml,2026-09-04T18:05:09+00:00,purchasing@glowrepublic.example,Purchase Order GR-2026-58442,1,1,14,email_pdf,1
DOC-00028,email_pdf/DOC-00028.eml,email_pdf,Glow Republic,eml,2026-09-03T11:21:13+00:00,purchasing@glowrepublic.example,Purchase Order GR-2026-90540,1,1,13,email_pdf,1
DOC-00029,email_pdf/DOC-00029.eml,email_pdf,Glow Republic,eml,2026-09-23T15:08:40+00:00,purchasing@glowrepublic.example,Purchase Order GR-2026-27527,2,1,24,email_pdf,1
DOC-00030,fax/DOC-00030.pdf,fax,Pharmacie Lumen,pdf,2026-09-24T11:54:37+00:00,+33 1 42 00 00 99,Fax 1 page(s),1,1,6,fax,3
DOC-00031,fax/DOC-00031.pdf,fax,Pharmacie Lumen,pdf,2026-09-08T07:22:57+00:00,+33 1 42 00 00 99,Fax 2 page(s),2,1,24,fax,3
DOC-00032,fax/DOC-00032.pdf,fax,Pharmacie Lumen,pdf,2026-09-24T15:19:37+00:00,+33 1 42 00 00 99,Fax 2 page(s),2,1,19,fax,3
DOC-00033,fax/DOC-00033.pdf,fax,Pharmacie Lumen,pdf,2026-09-27T11:31:18+00:00,+33 1 42 00 00 99,Fax 2 page(s),2,1,30,fax,3
DOC-00034,fax/DOC-00034.pdf,fax,Pharmacie Lumen,pdf,2026-09-23T06:58:07+00:00,+33 1 42 00 00 99,Fax 1 page(s),1,1,14,fax,3
DOC-00035,fax/DOC-00035.pdf,fax,Pharmacie Lumen,pdf,2026-09-02T13:42:54+00:00,+33 1 42 00 00 99,Fax 2 page(s),2,1,26,fax,3
DOC-00036,fax/DOC-00036.pdf,fax,Pharmacie Lumen,pdf,2026-09-14T08:06:20+00:00,+33 1 42 00 00 99,Fax 2 page(s),2,1,33,fax,3
DOC-00037,fax/DOC-00037.png,fax,Pharmacie Lumen,png,2026-09-02T09:09:19+00:00,+33 1 42 00 00 99,Fax 1 page(s),1,1,5,fax,3
DOC-00038,fax/DOC-00038.pdf,fax,Pharmacie Lumen,pdf,2026-09-21T16:32:45+00:00,+33 1 42 00 00 99,Fax 1 page(s),1,1,12,fax,3
DOC-00039,fax/DOC-00039.pdf,fax,Pharmacie Lumen,pdf,2026-09-15T14:32:57+00:00,+33 1 42 00 00 99,Fax 1 page(s),1,1,17,fax,3
DOC-00040,fax/DOC-00040.png,fax,Pharmacie Lumen,png,2026-09-13T10:18:31+00:00,+33 1 42 00 00 99,Fax 1 page(s),1,1,9,fax,3
DOC-00041,fax/DOC-00041.pdf,fax,Pharmacie Lumen,pdf,2026-09-16T16:52:12+00:00,+33 1 42 00 00 99,Fax 1 page(s),1,1,12,fax,3
DOC-00042,fax/DOC-00042.pdf,fax,Pharmacie Lumen,pdf,2026-09-07T06:50:06+00:00,+33 1 42 00 00 99,Fax 2 page(s),2,1,26,fax,3
DOC-00043,handwritten/DOC-00043.jpg,handwritten,Corso Profumerie,jpg,2026-09-04T12:37:58+00:00,ordini@corsoprofumerie.example,ordine (foto),1,1,3,handwritten,4
DOC-00044,handwritten/DOC-00044.jpg,handwritten,Corso Profumerie,jpg,2026-09-14T13:45:21+00:00,ordini@corsoprofumerie.example,ordine (foto),1,1,5,handwritten,4
DOC-00045,handwritten/DOC-00045.jpg,handwritten,Corso Profumerie,jpg,2026-09-01T18:21:55+00:00,ordini@corsoprofumerie.example,ordine (foto),1,1,7,handwritten,4
DOC-00046,handwritten/DOC-00046.jpg,handwritten,Corso Profumerie,jpg,2026-09-22T12:04:38+00:00,ordini@corsoprofumerie.example,ordine (foto),1,1,4,handwritten,4
DOC-00047,handwritten/DOC-00047.jpg,handwritten,Corso Profumerie,jpg,2026-09-10T18:19:23+00:00,ordini@corsoprofumerie.example,ordine (foto),1,1,6,handwritten,4
DOC-00048,handwritten/DOC-00048.jpg,handwritten,Corso Profumerie,jpg,2026-09-27T13:48:21+00:00,ordini@corsoprofumerie.example,ordine (foto),1,1,11,handwritten,4
DOC-00049,handwritten/DOC-00049.jpg,handwritten,Corso Profumerie,jpg,2026-09-11T12:30:26+00:00,ordini@corsoprofumerie.example,ordine (foto),1,1,7,handwritten,4
DOC-00050,handwritten/DOC-00050.jpg,handwritten,Corso Profumerie,jpg,2026-09-21T09:35:37+00:00,ordini@corsoprofumerie.example,ordine (foto),1,1,11,handwritten,4
DOC-00051,handwritten/DOC-00051.jpg,handwritten,Corso Profumerie,jpg,2026-09-07T17:18:00+00:00,ordini@corsoprofumerie.example,ordine (foto),1,1,10,handwritten,4
DOC-00052,handwritten/DOC-00052.jpg,handwritten,Corso Profumerie,jpg,2026-09-26T19:18:28+00:00,ordini@corsoprofumerie.example,ordine (foto),1,1,9,handwritten,4
DOC-00053,handwritten/DOC-00053.jpg,handwritten,Corso Profumerie,jpg,2026-09-24T08:43:45+00:00,ordini@corsoprofumerie.example,ordine (foto),1,1,11,handwritten,4
DOC-00054,handwritten/DOC-00054.jpg,handwritten,Corso Profumerie,jpg,2026-09-28T13:02:54+00:00,ordini@corsoprofumerie.example,ordine (foto),1,1,11,handwritten,4
DOC-00055,handwritten/DOC-00055.jpg,handwritten,Corso Profumerie,jpg,2026-09-10T08:44:48+00:00,ordini@corsoprofumerie.example,ordine (foto),1,1,7,handwritten,4
DOC-00056,handwritten/DOC-00056.jpg,handwritten,Corso Profumerie,jpg,2026-09-11T14:49:21+00:00,ordini@corsoprofumerie.example,ordine (foto),1,1,10,handwritten,4
DOC-00057,handwritten/DOC-00057.jpg,handwritten,Corso Profumerie,jpg,2026-09-07T14:47:47+00:00,ordini@corsoprofumerie.example,ordine (foto),1,1,9,handwritten,4
DOC-00058,handwritten/DOC-00058.jpg,handwritten,Corso Profumerie,jpg,2026-09-04T09:03:31+00:00,ordini@corsoprofumerie.example,ordine (foto),1,1,5,handwritten,4
DOC-00059,excel_buysheet/DOC-00059.xlsx,excel_buysheet,Meridian Travel Retail,xlsx,2026-09-24T15:34:30+00:00,buying@meridiantr.example,Buysheet Q4 LHR-T5/DXB-T3/SIN-T1/CDG-2E/JFK-T4,5,5,173,excel_buysheet,3
DOC-00060,excel_buysheet/DOC-00060.xlsx,excel_buysheet,Meridian Travel Retail,xlsx,2026-09-17T18:14:49+00:00,buying@meridiantr.example,Buysheet Q4 SIN-T1/CDG-2E,2,2,23,excel_buysheet,3
DOC-00061,excel_buysheet/DOC-00061.xlsx,excel_buysheet,Meridian Travel Retail,xlsx,2026-09-23T14:23:30+00:00,buying@meridiantr.example,Buysheet Q4 DXB-T3/JFK-T4/CDG-2E/LHR-T5,4,4,29,excel_buysheet,3
DOC-00062,excel_buysheet/DOC-00062.xlsx,excel_buysheet,Meridian Travel Retail,xlsx,2026-09-08T16:58:37+00:00,buying@meridiantr.example,Buysheet Q4 JFK-T4/DXB-T3,2,2,20,excel_buysheet,3
DOC-00063,excel_buysheet/DOC-00063.xlsx,excel_buysheet,Meridian Travel Retail,xlsx,2026-09-10T06:27:31+00:00,buying@meridiantr.example,Buysheet Q4 CDG-2E/DXB-T3/JFK-T4,3,3,28,excel_buysheet,3
DOC-00064,excel_buysheet/DOC-00064.xlsx,excel_buysheet,Meridian Travel Retail,xlsx,2026-09-01T19:32:26+00:00,buying@meridiantr.example,Buysheet Q4 JFK-T4/CDG-2E/DXB-T3/SIN-T1,4,4,56,excel_buysheet,3
DOC-00065,excel_buysheet/DOC-00065.xlsx,excel_buysheet,Meridian Travel Retail,xlsx,2026-09-29T09:05:28+00:00,buying@meridiantr.example,Buysheet Q4 DXB-T3/SIN-T1/CDG-2E/JFK-T4,4,4,36,excel_buysheet,3
DOC-00066,excel_buysheet/DOC-00066.xlsx,excel_buysheet,Meridian Travel Retail,xlsx,2026-09-13T18:37:42+00:00,buying@meridiantr.example,Buysheet Q4 CDG-2E/SIN-T1,2,2,20,excel_buysheet,3
DOC-00067,excel_buysheet/DOC-00067.xlsx,excel_buysheet,Meridian Travel Retail,xlsx,2026-09-24T14:56:01+00:00,buying@meridiantr.example,Buysheet Q4 CDG-2E/SIN-T1,2,2,16,excel_buysheet,3
DOC-00068,excel_buysheet/DOC-00068.xlsx,excel_buysheet,Meridian Travel Retail,xlsx,2026-09-11T18:15:14+00:00,buying@meridiantr.example,Buysheet Q4 JFK-T4/DXB-T3/SIN-T1,3,3,23,excel_buysheet,3
DOC-00069,excel_buysheet/DOC-00069.xlsx,excel_buysheet,Meridian Travel Retail,xlsx,2026-09-27T09:53:51+00:00,buying@meridiantr.example,Buysheet Q4 LHR-T5/SIN-T1/DXB-T3,3,3,31,excel_buysheet,3
DOC-00070,excel_buysheet/DOC-00070.xlsx,excel_buysheet,Meridian Travel Retail,xlsx,2026-09-20T17:45:01+00:00,buying@meridiantr.example,Buysheet Q4 JFK-T4/SIN-T1,2,2,22,excel_buysheet,3
DOC-00071,excel_buysheet/DOC-00071.xlsx,excel_buysheet,Meridian Travel Retail,xlsx,2026-09-04T11:45:41+00:00,buying@meridiantr.example,Buysheet Q4 CDG-2E/DXB-T3/SIN-T1/LHR-T5,4,4,46,excel_buysheet,3
DOC-00072,excel_buysheet/DOC-00072.xlsx,excel_buysheet,Meridian Travel Retail,xlsx,2026-09-22T10:23:08+00:00,buying@meridiantr.example,Buysheet Q4 DXB-T3/SIN-T1/LHR-T5,3,3,32,excel_buysheet,3
DOC-00073,excel_buysheet/DOC-00073.xlsx,excel_buysheet,Meridian Travel Retail,xlsx,2026-09-27T12:05:42+00:00,buying@meridiantr.example,Buysheet Q4 JFK-T4/DXB-T3/CDG-2E/LHR-T5,4,4,33,excel_buysheet,3
DOC-00074,excel_buysheet/DOC-00074.xlsx,excel_buysheet,Meridian Travel Retail,xlsx,2026-09-12T13:39:32+00:00,buying@meridiantr.example,Buysheet Q4 JFK-T4/LHR-T5/CDG-2E,3,3,35,excel_buysheet,3
DOC-00075,portal_export/DOC-00075.csv,portal_export,BeautyHaus Online,csv,2026-09-05T13:55:13+00:00,portal-export@beautyhaus.example,Bestellung BH-5454439,1,1,25,portal_export,1
DOC-00076,portal_export/DOC-00076.json,portal_export,BeautyHaus Online,json,2026-09-23T09:15:46+00:00,portal-export@beautyhaus.example,Bestellung BH-5056217,1,1,10,portal_export,1
DOC-00077,portal_export/DOC-00077.json,portal_export,BeautyHaus Online,json,2026-09-03T06:36:43+00:00,portal-export@beautyhaus.example,Bestellung BH-7768958,1,1,18,portal_export,1
DOC-00078,portal_export/DOC-00078.json,portal_export,BeautyHaus Online,json,2026-09-09T17:45:45+00:00,portal-export@beautyhaus.example,Bestellung BH-8649592,1,1,3,portal_export,1
DOC-00079,portal_export/DOC-00079.csv,portal_export,BeautyHaus Online,csv,2026-09-07T09:21:03+00:00,portal-export@beautyhaus.example,Bestellung BH-5856554,1,1,10,portal_export,1
DOC-00080,portal_export/DOC-00080.json,portal_export,BeautyHaus Online,json,2026-09-23T15:01:24+00:00,portal-export@beautyhaus.example,Bestellung BH-4914714,1,1,15,portal_export,1
DOC-00081,portal_export/DOC-00081.json,portal_export,BeautyHaus Online,json,2026-09-01T15:52:19+00:00,portal-export@beautyhaus.example,Bestellung BH-5886670,1,1,12,portal_export,1
DOC-00082,portal_export/DOC-00082.csv,portal_export,BeautyHaus Online,csv,2026-09-16T10:04:09+00:00,portal-export@beautyhaus.example,Bestellung BH-5783664,1,1,6,portal_export,1
DOC-00083,portal_export/DOC-00083.json,portal_export,BeautyHaus Online,json,2026-09-15T16:04:18+00:00,portal-export@beautyhaus.example,Bestellung BH-8061209,1,1,4,portal_export,1
DOC-00084,portal_export/DOC-00084.csv,portal_export,BeautyHaus Online,csv,2026-09-02T10:13:48+00:00,portal-export@beautyhaus.example,Bestellung BH-4485520,1,1,25,portal_export,1
DOC-00085,portal_export/DOC-00085.csv,portal_export,BeautyHaus Online,csv,2026-09-09T15:55:57+00:00,portal-export@beautyhaus.example,Bestellung BH-2876737,1,1,13,portal_export,1
DOC-00086,portal_export/DOC-00086.json,portal_export,BeautyHaus Online,json,2026-09-26T10:39:56+00:00,portal-export@beautyhaus.example,Bestellung BH-6971715,1,1,29,portal_export,1
DOC-00087,portal_export/DOC-00087.csv,portal_export,BeautyHaus Online,csv,2026-09-17T06:29:34+00:00,portal-export@beautyhaus.example,Bestellung BH-5421254,1,1,11,portal_export,1
DOC-00088,portal_export/DOC-00088.csv,portal_export,BeautyHaus Online,csv,2026-09-24T18:37:18+00:00,portal-export@beautyhaus.example,Bestellung BH-1432349,1,1,6,portal_export,1
DOC-00089,portal_export/DOC-00089.csv,portal_export,BeautyHaus Online,csv,2026-09-15T19:27:31+00:00,portal-export@beautyhaus.example,Bestellung BH-3370791,1,1,17,portal_export,1
DOC-00090,portal_export/DOC-00090.json,portal_export,BeautyHaus Online,json,2026-09-28T13:12:03+00:00,portal-export@beautyhaus.example,Bestellung BH-9775171,1,1,30,portal_export,1
DOC-00091,email_body/DOC-00091.eml,email_body,Al Noor Trading,eml,2026-09-29T11:51:52+00:00,procurement@alnoortrading.example,New order ANT/PO/26/0500,1,1,7,email_body,2
DOC-00092,email_body/DOC-00092.eml,email_body,Al Noor Trading,eml,2026-09-07T09:01:08+00:00,procurement@alnoortrading.example,New order ANT/PO/26/0683,1,1,10,email_body,2
DOC-00093,email_body/DOC-00093.eml,email_body,Al Noor Trading,eml,2026-09-09T12:30:56+00:00,procurement@alnoortrading.example,New order ANT/PO/26/0662,1,1,12,email_body,2
DOC-00094,email_body/DOC-00094.eml,email_body,Al Noor Trading,eml,2026-09-17T09:18:48+00:00,procurement@alnoortrading.example,New order ANT/PO/26/0241,1,1,5,email_body,2
DOC-00095,email_body/DOC-00095.eml,email_body,Al Noor Trading,eml,2026-09-15T18:54:25+00:00,procurement@alnoortrading.example,New order ANT/PO/26/0344,1,1,4,email_body,2
DOC-00096,email_body/DOC-00096.eml,email_body,Al Noor Trading,eml,2026-09-18T14:42:46+00:00,procurement@alnoortrading.example,New order ANT/PO/26/0301,1,1,6,email_body,2
DOC-00097,email_body/DOC-00097.eml,email_body,Al Noor Trading,eml,2026-09-07T15:39:55+00:00,procurement@alnoortrading.example,New order ANT/PO/26/0291,1,1,7,email_body,2
DOC-00098,email_body/DOC-00098.eml,email_body,Al Noor Trading,eml,2026-09-03T13:38:47+00:00,procurement@alnoortrading.example,New order ANT/PO/26/0728,1,1,13,email_body,2
DOC-00099,email_body/DOC-00099.eml,email_body,Al Noor Trading,eml,2026-09-27T18:50:43+00:00,procurement@alnoortrading.example,New order ANT/PO/26/0736,1,1,13,email_body,2
DOC-00100,email_body/DOC-00100.eml,email_body,Al Noor Trading,eml,2026-09-21T12:04:31+00:00,procurement@alnoortrading.example,New order ANT/PO/26/0679,1,1,13,email_body,2
DOC-00101,email_body/DOC-00101.eml,email_body,Al Noor Trading,eml,2026-09-09T07:56:54+00:00,procurement@alnoortrading.example,New order ANT/PO/26/0627,1,1,6,email_body,2
DOC-00102,email_body/DOC-00102.eml,email_body,Al Noor Trading,eml,2026-09-09T11:47:29+00:00,procurement@alnoortrading.example,New order ANT/PO/26/0868,1,1,13,email_body,2
DOC-00103,phone/DOC-00103.txt,phone,Kensington Salon Supply,txt,2026-09-12T11:48:55+00:00,telephony:+44 20 7946,inbound order call,1,1,7,phone,3
DOC-00104,phone/DOC-00104.txt,phone,Kensington Salon Supply,txt,2026-09-08T11:25:42+00:00,telephony:+44 20 7946,inbound order call,1,1,5,phone,3
DOC-00105,phone/DOC-00105.json,phone,Kensington Salon Supply,json,2026-09-08T12:47:55+00:00,telephony:+44 20 7946,inbound order call,1,1,8,phone,3
DOC-00106,phone/DOC-00106.txt,phone,Kensington Salon Supply,txt,2026-09-24T09:06:49+00:00,telephony:+44 20 7946,inbound order call,1,1,6,phone,3
DOC-00107,phone/DOC-00107.txt,phone,Kensington Salon Supply,txt,2026-09-12T14:29:26+00:00,telephony:+44 20 7946,inbound order call,1,1,6,phone,3
DOC-00108,phone/DOC-00108.txt,phone,Kensington Salon Supply,txt,2026-09-08T08:06:53+00:00,telephony:+44 20 7946,inbound order call,1,1,7,phone,3
DOC-00109,phone/DOC-00109.txt,phone,Kensington Salon Supply,txt,2026-09-20T15:09:13+00:00,telephony:+44 20 7946,inbound order call,1,1,8,phone,3
DOC-00110,phone/DOC-00110.json,phone,Kensington Salon Supply,json,2026-09-15T16:24:04+00:00,telephony:+44 20 7946,inbound order call,1,1,4,phone,3
DOC-00111,phone/DOC-00111.txt,phone,Kensington Salon Supply,txt,2026-09-20T06:31:37+00:00,telephony:+44 20 7946,inbound order call,1,1,4,phone,3
DOC-00112,phone/DOC-00112.txt,phone,Kensington Salon Supply,txt,2026-09-07T14:02:15+00:00,telephony:+44 20 7946,inbound order call,1,1,4,phone,3
DOC-00113,phone/DOC-00113.txt,phone,Kensington Salon Supply,txt,2026-09-23T07:40:58+00:00,telephony:+44 20 7946,inbound order call,1,1,4,phone,3
DOC-00114,phone/DOC-00114.txt,phone,Kensington Salon Supply,txt,2026-09-26T15:12:49+00:00,telephony:+44 20 7946,inbound order call,1,1,4,phone,3
DOC-00115,phone/DOC-00115.json,phone,Kensington Salon Supply,json,2026-09-04T17:55:26+00:00,telephony:+44 20 7946,inbound order call,1,1,8,phone,3
DOC-00116,phone/DOC-00116.txt,phone,Kensington Salon Supply,txt,2026-09-03T14:08:36+00:00,telephony:+44 20 7946,inbound order call,1,1,3,phone,3
DOC-00117,phone/DOC-00117.txt,phone,Kensington Salon Supply,txt,2026-09-17T10:54:24+00:00,telephony:+44 20 7946,inbound order call,1,1,3,phone,3
DOC-00118,phone/DOC-00118.txt,phone,Kensington Salon Supply,txt,2026-09-01T07:38:52+00:00,telephony:+44 20 7946,inbound order call,1,1,8,phone,3
DOC-00119,email_pricelist/DOC-00119.eml,email_pricelist,Northbay Drug,eml,2026-09-04T07:28:37+00:00,buyers@northbaydrug.example,Order - NB-575058,1,1,11,email_pricelist,2
DOC-00120,email_pricelist/DOC-00120.eml,email_pricelist,Northbay Drug,eml,2026-09-10T14:34:57+00:00,buyers@northbaydrug.example,Order - NB-329993,1,1,9,email_pricelist,2
DOC-00121,email_pricelist/DOC-00121.eml,email_pricelist,Northbay Drug,eml,2026-09-29T15:43:23+00:00,buyers@northbaydrug.example,Order - NB-534506,1,1,13,email_pricelist,2
DOC-00122,email_pricelist/DOC-00122.eml,email_pricelist,Northbay Drug,eml,2026-09-13T12:10:06+00:00,buyers@northbaydrug.example,Order - NB-745622,1,1,15,email_pricelist,2
DOC-00123,email_pricelist/DOC-00123.eml,email_pricelist,Northbay Drug,eml,2026-09-13T19:08:57+00:00,buyers@northbaydrug.example,Order - NB-705137,1,1,10,email_pricelist,2
DOC-00124,email_pricelist/DOC-00124.eml,email_pricelist,Northbay Drug,eml,2026-09-11T10:07:21+00:00,buyers@northbaydrug.example,Order - NB-853862,1,1,9,email_pricelist,2
DOC-00125,email_pricelist/DOC-00125.eml,email_pricelist,Northbay Drug,eml,2026-09-19T09:12:06+00:00,buyers@northbaydrug.example,Order - NB-315022,1,1,5,email_pricelist,2
DOC-00126,email_pricelist/DOC-00126.eml,email_pricelist,Northbay Drug,eml,2026-09-10T10:00:29+00:00,buyers@northbaydrug.example,Order - NB-185498,1,1,6,email_pricelist,2
DOC-00127,email_pricelist/DOC-00127.eml,email_pricelist,Northbay Drug,eml,2026-09-24T11:48:50+00:00,buyers@northbaydrug.example,Order - NB-767645,1,1,7,email_pricelist,2
DOC-00128,email_pricelist/DOC-00128.eml,email_pricelist,Northbay Drug,eml,2026-09-29T14:41:50+00:00,buyers@northbaydrug.example,Order - NB-652657,1,1,7,email_pricelist,2
DOC-00129,email_pricelist/DOC-00129.eml,email_pricelist,Northbay Drug,eml,2026-09-09T06:09:24+00:00,buyers@northbaydrug.example,Order - NB-603443,1,1,6,email_pricelist,2
DOC-00130,email_pricelist/DOC-00130.eml,email_pricelist,Northbay Drug,eml,2026-09-01T14:45:47+00:00,buyers@northbaydrug.example,Order - NB-480558,1,1,13,email_pricelist,2
DOC-00131,email_pricelist/DOC-00131.eml,email_pricelist,Northbay Drug,eml,2026-09-17T15:17:02+00:00,buyers@northbaydrug.example,Order - NB-776218,1,1,12,email_pricelist,2
DOC-00132,email_pricelist/DOC-00132.eml,email_pricelist,Northbay Drug,eml,2026-09-16T07:57:55+00:00,buyers@northbaydrug.example,Order - NB-181383,1,1,12,email_pricelist,2
DOC-00133,email_pricelist/DOC-00133.eml,email_pricelist,Northbay Drug,eml,2026-09-28T09:44:52+00:00,buyers@northbaydrug.example,Order - NB-442633,1,1,5,email_pricelist,2
DOC-00134,email_pricelist/DOC-00134.eml,email_pricelist,Northbay Drug,eml,2026-09-07T07:02:41+00:00,buyers@northbaydrug.example,Order - NB-367037,1,1,13,email_pricelist,2
DOC-00135,amended_scan/DOC-00135.pdf,amended_scan,Harlow & Vale,pdf,2026-09-21T19:52:25+00:00,scanner@harlowvale.example,Scanned PO HV-706336,4,1,126,amended_scan,4
DOC-00136,amended_scan/DOC-00136.pdf,amended_scan,Harlow & Vale,pdf,2026-09-28T13:09:09+00:00,scanner@harlowvale.example,Scanned PO HV-178493,1,1,26,amended_scan,3
DOC-00137,amended_scan/DOC-00137.pdf,amended_scan,Harlow & Vale,pdf,2026-09-05T15:41:19+00:00,scanner@harlowvale.example,Scanned PO HV-831522,1,1,7,amended_scan,3
DOC-00138,amended_scan/DOC-00138.pdf,amended_scan,Harlow & Vale,pdf,2026-09-21T10:27:43+00:00,scanner@harlowvale.example,Scanned PO HV-510346,1,1,12,amended_scan,3
DOC-00139,amended_scan/DOC-00139.pdf,amended_scan,Harlow & Vale,pdf,2026-09-14T14:55:28+00:00,scanner@harlowvale.example,Scanned PO HV-818150,1,1,12,amended_scan,3
DOC-00140,amended_scan/DOC-00140.pdf,amended_scan,Harlow & Vale,pdf,2026-09-18T06:43:24+00:00,scanner@harlowvale.example,Scanned PO HV-624331,1,1,25,amended_scan,3
DOC-00141,amended_scan/DOC-00141.pdf,amended_scan,Harlow & Vale,pdf,2026-09-01T09:55:33+00:00,scanner@harlowvale.example,Scanned PO HV-554261,1,1,25,amended_scan,3
DOC-00142,amended_scan/DOC-00142.pdf,amended_scan,Harlow & Vale,pdf,2026-09-21T14:07:54+00:00,scanner@harlowvale.example,Scanned PO HV-701128,1,1,9,amended_scan,3
DOC-00143,amended_scan/DOC-00143.pdf,amended_scan,Harlow & Vale,pdf,2026-09-23T11:59:21+00:00,scanner@harlowvale.example,Scanned PO HV-354103,1,1,17,amended_scan,3
DOC-00144,amended_scan/DOC-00144.pdf,amended_scan,Harlow & Vale,pdf,2026-09-12T17:08:16+00:00,scanner@harlowvale.example,Scanned PO HV-550842,1,1,22,amended_scan,3
DOC-00145,amended_scan/DOC-00145.pdf,amended_scan,Harlow & Vale,pdf,2026-09-12T18:25:26+00:00,scanner@harlowvale.example,Scanned PO HV-451113,1,1,22,amended_scan,3
DOC-00146,amended_scan/DOC-00146.pdf,amended_scan,Harlow & Vale,pdf,2026-09-02T10:03:31+00:00,scanner@harlowvale.example,Scanned PO HV-871981,1,1,16,amended_scan,3
DOC-00147,amended_scan/DOC-00147.pdf,amended_scan,Harlow & Vale,pdf,2026-09-05T13:51:05+00:00,scanner@harlowvale.example,Scanned PO HV-626326,1,1,7,amended_scan,3
DOC-00148,amended_scan/DOC-00148.pdf,amended_scan,Harlow & Vale,pdf,2026-09-05T15:07:15+00:00,scanner@harlowvale.example,Scanned PO HV-280852,1,1,17,amended_scan,3
DOC-00149,amended_scan/DOC-00149.pdf,amended_scan,Harlow & Vale,pdf,2026-09-12T10:14:05+00:00,scanner@harlowvale.example,Scanned PO HV-316277,1,1,22,amended_scan,3
DOC-00150,amended_scan/DOC-00150.pdf,amended_scan,Harlow & Vale,pdf,2026-09-26T09:12:41+00:00,scanner@harlowvale.example,Scanned PO HV-572437,1,1,23,amended_scan,3
DOC-00151,multimodal/DOC-00151.pdf,multimodal,Parfümerie Albrecht,pdf,2026-09-02T07:48:04+00:00,scan@albrecht.example,Aktionsformular,1,1,2,promo_form,1
DOC-00152,multimodal/DOC-00152.pdf,multimodal,Parfümerie am Markt,pdf,2026-09-10T10:36:09+00:00,scan@marktplatz.example,Aktionsformular,1,1,2,promo_form,1
DOC-00153,multimodal/DOC-00153.pdf,multimodal,Duft & Pflege Kremer,pdf,2026-09-06T06:32:56+00:00,scan@kremer.example,Aktionsformular,2,1,4,promo_form,2
DOC-00154,multimodal/DOC-00154.pdf,multimodal,Parfümerie Lindqvist,pdf,2026-09-08T11:55:11+00:00,scan@lindqvist.example,Aktionsformular,2,1,4,promo_form,2
DOC-00155,multimodal/DOC-00155.pdf,multimodal,Parfümerie am Markt,pdf,2026-09-06T17:58:02+00:00,scan@marktplatz.example,Aktionsformular,3,1,4,promo_form,3
DOC-00156,multimodal/DOC-00156.pdf,multimodal,Duft & Pflege Kremer,pdf,2026-09-02T12:52:33+00:00,scan@kremer.example,Aktionsformular,3,1,4,promo_form,3
DOC-00157,multimodal/DOC-00157.pdf,multimodal,Parfümerie Lindqvist,pdf,2026-09-25T08:15:31+00:00,handy@lindqvist.example,Aktionsformular,2,1,4,promo_form,4
DOC-00158,multimodal/DOC-00158.pdf,multimodal,Duft & Pflege Kremer,pdf,2026-09-28T10:39:07+00:00,handy@kremer.example,Aktionsformular,2,1,4,promo_form,4
DOC-00159,multimodal/DOC-00159.jpg,multimodal,Glow Republic,jpg,2026-09-02T07:20:22+00:00,buyer@glow.example,catalogue markup,1,1,2,catalog_markup,2
DOC-00160,multimodal/DOC-00160.jpg,multimodal,Harlow & Vale,jpg,2026-09-28T06:25:32+00:00,buyer@harlow.example,catalogue markup,1,1,3,catalog_markup,2
DOC-00161,multimodal/DOC-00161.jpg,multimodal,Harlow & Vale,jpg,2026-09-04T12:25:28+00:00,buyer@harlow.example,catalogue markup,1,1,4,catalog_markup,2
DOC-00162,multimodal/DOC-00162.pdf,multimodal,Harlow & Vale,pdf,2026-09-07T09:09:15+00:00,buyer@harlow.example,catalogue markup,2,1,8,catalog_markup,3
DOC-00163,multimodal/DOC-00163.pdf,multimodal,Harlow & Vale,pdf,2026-09-13T12:54:58+00:00,buyer@harlow.example,catalogue markup,2,1,10,catalog_markup,3
DOC-00164,multimodal/DOC-00164.pdf,multimodal,Harlow & Vale,pdf,2026-09-16T18:00:54+00:00,buyer@harlow.example,catalogue markup,2,1,6,catalog_markup,3
DOC-00165,multimodal/DOC-00165.png,multimodal,Kensington Salon Supply,png,2026-09-25T16:13:32+00:00,field-sales-forward@maisonsolenne.example,FW: chat Dev · KSS Park,1,1,4,chat_screenshot,3
DOC-00166,multimodal/DOC-00166.png,multimodal,Corso Profumerie,png,2026-09-07T13:25:40+00:00,field-sales-forward@maisonsolenne.example,FW: chat Giulia · Corso Centro,1,1,4,chat_screenshot,3
DOC-00167,multimodal/DOC-00167.png,multimodal,Kensington Salon Supply,png,2026-09-28T17:01:26+00:00,field-sales-forward@maisonsolenne.example,FW: chat Dev · KSS Manchester,1,1,5,chat_screenshot,3
DOC-00168,multimodal/DOC-00168.jpg,multimodal,Kensington Salon Supply,jpg,2026-09-04T15:37:20+00:00,field-sales-forward@maisonsolenne.example,FW: chat Dev · KSS Manchester,1,1,5,chat_screenshot,4
DOC-00169,multimodal/DOC-00169.jpg,multimodal,Corso Profumerie,jpg,2026-09-05T16:51:51+00:00,field-sales-forward@maisonsolenne.example,FW: chat Giulia · Corso Centro,1,1,6,chat_screenshot,4
DOC-00170,multimodal/DOC-00170.eml,multimodal,Al Noor Trading,eml,2026-09-28T14:36:27+00:00,counter-manager@alnoortrading.example,Re: restock Jebel Ali Free Zone Warehouse,1,1,3,email_inline,2
DOC-00171,multimodal/DOC-00171.eml,multimodal,Al Noor Trading,eml,2026-09-11T08:55:50+00:00,counter-manager@alnoortrading.example,Re: restock Jebel Ali Free Zone Warehouse,1,1,4,email_inline,2
DOC-00172,multimodal/DOC-00172.eml,multimodal,Glow Republic,eml,2026-09-25T17:03:51+00:00,counter-manager@glowrepublic.example,Re: restock Dallas Fulfillment,1,1,3,email_inline,2
DOC-00173,multimodal/DOC-00173.eml,multimodal,Al Noor Trading,eml,2026-09-13T07:56:21+00:00,counter-manager@alnoortrading.example,Re: restock Abu Dhabi Mussafah Warehouse,1,1,4,email_inline,3
DOC-00174,multimodal/DOC-00174.eml,multimodal,Al Noor Trading,eml,2026-09-16T06:36:56+00:00,counter-manager@alnoortrading.example,Re: restock Jebel Ali Free Zone Warehouse,1,1,4,email_inline,3
DOC-00175,erp_edi/DOC-00175.edi,erp_edi,Halcyon & Finch,edi,2026-09-10T19:00:56+00:00,AS2:HALCYONFINCH,X12 860 ICN 434616,1,1,2,erp_edi,2
DOC-00176,erp_edi/DOC-00176.edi,erp_edi,Halcyon & Finch,edi,2026-09-04T07:04:25+00:00,AS2:HALCYONFINCH,X12 860 ICN 135512,1,1,1,erp_edi,2
DOC-00177,erp_edi/DOC-00177.edi,erp_edi,Halcyon & Finch,edi,2026-09-17T17:42:58+00:00,AS2:HALCYONFINCH,X12 860 ICN 783616,1,1,3,erp_edi,2
DOC-00178,email_body/DOC-00178.eml,email_body,Al Noor Trading,eml,2026-09-11T07:56:54+00:00,procurement@alnoortrading.example,RE: PO ANT/PO/26/0627 - formal copy,1,1,6,email_body,3
DOC-00179,email_body/DOC-00179.eml,email_body,Al Noor Trading,eml,2026-09-19T09:18:48+00:00,procurement@alnoortrading.example,RE: PO ANT/PO/26/0241 - formal copy,1,1,5,email_body,3
DOC-00180,email_body/DOC-00180.eml,email_body,Al Noor Trading,eml,2026-09-04T07:02:58+00:00,procurement@alnoortrading.example,AMENDMENT - PO ANT/PO/26/0728,1,1,3,email_body,3
DOC-00181,email_body/DOC-00181.eml,email_body,Al Noor Trading,eml,2026-09-22T14:05:44+00:00,procurement@alnoortrading.example,AMENDMENT - PO ANT/PO/26/0301,1,1,3,email_body,3
DOC-00182,fax/DOC-00182.pdf,fax,Glow Republic,pdf,2026-09-05T15:21:13+00:00,+1 214 555 0142,Fax 1 page(s),1,1,13,fax,4
DOC-00183,fax/DOC-00183.png,fax,Glow Republic,png,2026-09-23T09:01:34+00:00,+1 214 555 0142,Fax 1 page(s),1,1,12,fax,4
DOC-00184,fax/DOC-00184.pdf,fax,Glow Republic,pdf,2026-09-29T18:09:30+00:00,+1 214 555 0142,Fax 1 page(s),1,1,13,fax,4
