doc_id,po_number,customer_name_as_written,sold_to_id,ship_to_as_written,ship_to_id,order_date,requested_delivery_date,currency,order_type,is_duplicate_of,amends_po
DOC-00001,4574104909,Halcyon Finch NYC,100100,DC 0041,100100-0041,2026-09-14,2026-09-11,USD,STANDARD,,
DOC-00001,4572176148,Halcyon & Finch,100100,DC 0047,100100-0047,2026-09-14,2026-09-23,USD,STANDARD,,
DOC-00002,4558743898,H&F Inc.,100100,DC 0047,100100-0047,2026-09-20,2026-10-19,USD,STANDARD,,
DOC-00002,4548249394,Halcyon & Finch,100100,DC 0042,100100-0047,2026-09-20,2026-10-07,USD,STANDARD,,
DOC-00003,4584495485,H&F Inc.,100100,DC 0055,100100-0055,2026-09-19,2026-09-14,USD,STANDARD,,
DOC-00004,4573571770,Halcyon & Finch,100100,DC 0047,100100-0047,2026-09-16,2026-10-05,USD,STANDARD,,
DOC-00005,4564830696,Halcyon & Finch,100100,DC 0055,100100-0055,2026-09-18,2026-09-29,USD,STANDARD,,
DOC-00006,4575254207,Halcyon Finch NYC,100100,DC 0041,100100-0041,2026-09-06,2026-09-01,USD,STANDARD,,
DOC-00007,4585476210,H&F Inc.,100100,DC 0042,100100-0047,2026-09-10,2026-09-23,USD,STANDARD,,
DOC-00008,4593430858,Halcyon & Finch Inc.,100100,DC 0055,100100-0055,2026-09-06,2026-09-28,USD,STANDARD,,
DOC-00009,4547493391,Halcyon & Finch,100100,DC 0042,100100-0047,2026-09-09,2026-10-01,USD,STANDARD,,
DOC-00010,4569870757,Halcyon & Finch,100100,DC 0042,100100-0047,2026-09-11,2026-09-08,USD,STANDARD,,
DOC-00011,4508866414,Halcyon & Finch,100100,DC 0042,100100-0047,2026-09-18,2026-10-13,USD,STANDARD,,
DOC-00012,4577796412,Halcyon & Finch,100100,DC 0042,100100-0047,2026-09-22,2026-10-09,USD,STANDARD,,
DOC-00013,4588128100,Halcyon & Finch Inc.,100100,DC 0042,100100-0047,2026-09-20,2026-10-19,USD,STANDARD,,
DOC-00014,GR-2026-61181,Glow Republic,100200,RNO2,100200-RNO2,2026-09-22,2026-10-09,USD,STANDARD,,
DOC-00015,GR-2026-28837,Glow Republic,100200,DAL1,100200-DAL1,2026-09-12,2026-09-28,USD,STANDARD,,
DOC-00016,GR-2026-99015,Glow Republic,100200,RNO2,100200-RNO2,2026-09-16,2026-10-14,USD,STANDARD,,
DOC-00017,GR-2026-13506,Glow Republic,100200,DAL1,100200-DAL1,2026-09-22,2026-10-20,USD,STANDARD,,
DOC-00018,GR-2026-65374,Glow Republic,100200,RNO2,100200-RNO2,2026-09-28,2026-10-20,USD,STANDARD,,
DOC-00019,GR-2026-35154,Glow Republic,100200,DAL1,100200-DAL1,2026-09-05,2026-09-21,USD,STANDARD,,
DOC-00020,GR-2026-95089,Glow Republic,100200,DAL1,100200-DAL1,2026-09-25,2026-10-23,USD,STANDARD,,
DOC-00021,GR-2026-59930,Glow Republic,100200,RNO2,100200-RNO2,2026-09-20,2026-10-19,USD,STANDARD,,
DOC-00022,GR-2026-58265,Glow Rep.,100200,DAL1,100200-DAL1,2026-09-26,2026-10-16,USD,STANDARD,,
DOC-00023,GR-2026-68361,Glow Republic,100200,RNO2,100200-RNO2,2026-09-05,2026-09-28,USD,STANDARD,,
DOC-00024,GR-2026-64523,Glow Republic,100200,RNO2,100200-RNO2,2026-09-04,2026-09-17,USD,STANDARD,,
DOC-00025,GR-2026-69917,Glow Republic,100200,DAL1,100200-DAL1,2026-09-26,2026-10-22,USD,STANDARD,,
DOC-00026,GR-2026-57418,Glow Republic,100200,DAL1,100200-DAL1,2026-09-22,2026-09-29,USD,STANDARD,,
DOC-00027,GR-2026-58442,GLOW REPUBLIC STORES,100200,RNO2,100200-RNO2,2026-09-04,2026-09-02,USD,STANDARD,,
DOC-00028,GR-2026-90540,Glow Republic LLC,100200,RNO2,100200-RNO2,2026-09-02,2026-09-10,USD,STANDARD,,
DOC-00029,GR-2026-27527,Glow Republic,100200,DAL1,100200-DAL1,2026-09-23,2026-09-30,USD,STANDARD,,
DOC-00030,BC-91376,Pharmacie Lumen,200300,LIL,200300-LIL,2026-09-24,2026-10-05,EUR,STANDARD,,
DOC-00031,BC-10484,Lumen Pharma,200300,LYO,200300-LYO,2026-09-08,2026-09-21,EUR,STANDARD,,
DOC-00032,BC-99592,Pharmacie Lumen,200300,LIL,200300-LIL,2026-09-24,2026-10-20,EUR,STANDARD,,
DOC-00033,BC-48987,Pharmacie Lumen SCA,200300,LIL,200300-LIL,2026-09-27,2026-10-09,EUR,STANDARD,,
DOC-00034,BC-42550,Pharmacie Lumen,200300,LYO,200300-LYO,2026-09-22,2026-10-12,EUR,STANDARD,,
DOC-00035,BC-95315,Pharmacie Lumen SCA,200300,LIL,200300-LIL,2026-09-02,2026-09-16,EUR,STANDARD,,
DOC-00036,BC-13830,PHARMACIES LUMEN - Centrale d'achat,200300,LIL,200300-LIL,2026-09-14,2026-09-29,EUR,STANDARD,,
DOC-00037,BC-26884,Pharmacie Lumen,200300,LYO,200300-LYO,2026-09-02,2026-09-11,EUR,STANDARD,,
DOC-00038,BC-31406,Lumen Pharma,200300,LYO,200300-LYO,2026-09-21,2026-10-19,EUR,STANDARD,,
DOC-00039,BC-56399,Pharmacie Lumen,200300,LIL,200300-LIL,2026-09-15,2026-09-30,EUR,STANDARD,,
DOC-00040,BC-59061,Pharmacie Lumen,200300,LIL,200300-LIL,2026-09-13,2026-10-07,EUR,STANDARD,,
DOC-00041,BC-23508,Pharmacie Lumen,200300,LYO,200300-LYO,2026-09-16,2026-10-12,EUR,STANDARD,,
DOC-00042,BC-64815,Pharmacie Lumen,200300,LIL,200300-LIL,2026-09-07,2026-10-01,EUR,STANDARD,,
DOC-00043,,Profumeria Corso,200400,Negozio Milano Brera,200400-MI01,2026-09-04,2026-09-24,EUR,STANDARD,,
DOC-00044,200/26,Corso Profumerie,200400,Negozio Torino Centro,200400-TO01,2026-09-14,,EUR,STANDARD,,
DOC-00045,824/26,Corso Profumerie S.r.l.,200400,Negozio Torino Centro,200400-TO01,2026-09-01,2026-09-22,EUR,STANDARD,,
DOC-00046,,Corso Profumi Milano,200400,Negozio Milano Brera,200400-MI01,2026-09-22,,EUR,STANDARD,,
DOC-00047,111/26,Corso Profumi Milano,200400,Negozio Milano Brera,200400-MI01,2026-09-10,2026-09-25,EUR,STANDARD,,
DOC-00048,918/26,Profumeria Corso,200400,Negozio Milano Brera,200400-MI01,2026-09-27,2026-10-14,EUR,STANDARD,,
DOC-00049,687/26,Profumeria Corso,200400,Negozio Torino Centro,200400-TO01,2026-09-11,2026-09-25,EUR,STANDARD,,
DOC-00050,516/26,Corso Profumerie,200400,Negozio Milano Brera,200400-MI01,2026-09-20,2026-10-13,EUR,STANDARD,,
DOC-00051,605/26,Corso Profumi Milano,200400,Negozio Torino Centro,200400-TO01,2026-09-07,2026-09-29,EUR,STANDARD,,
DOC-00052,930/26,Corso Profumerie,200400,Negozio Milano Brera,200400-MI01,2026-09-26,2026-10-08,EUR,STANDARD,,
DOC-00053,646/26,Corso Profumerie,200400,Negozio Milano Brera,200400-MI01,2026-09-24,,EUR,STANDARD,,
DOC-00054,994/26,Corso Profumerie,200400,Negozio Torino Centro,200400-TO01,2026-09-28,,EUR,STANDARD,,
DOC-00055,,Corso Profumerie S.r.l.,200400,Negozio Milano Brera,200400-MI01,2026-09-10,,EUR,STANDARD,,
DOC-00056,572/26,Corso Profumerie,200400,Negozio Milano Brera,200400-MI01,2026-09-11,,EUR,STANDARD,,
DOC-00057,642/26,Profumeria Corso,200400,Negozio Milano Brera,200400-MI01,2026-09-07,2026-09-14,EUR,STANDARD,,
DOC-00058,696/26,Profumeria Corso,200400,Negozio Torino Centro,200400-TO01,2026-09-04,2026-09-16,EUR,STANDARD,,
DOC-00059,MTR-LHR-26-2527,Meridian Travel Retail,300500,LHR-T5,300500-LHR-T5,2026-09-24,2026-10-09,USD,STANDARD,,
DOC-00059,MTR-DXB-26-6386,Meridian Travel Retail,300500,DXB-T3,300500-DXB-T3,2026-09-24,2026-10-12,USD,STANDARD,,
DOC-00059,MTR-SIN-26-5701,Meridian Travel Retail,300500,SIN-T1,300500-SIN-T1,2026-09-24,2026-10-13,USD,STANDARD,,
DOC-00059,MTR-CDG-26-1960,Meridian Travel Retail,300500,CDG-2E,300500-CDG-2E,2026-09-24,2026-10-05,EUR,STANDARD,,
DOC-00059,MTR-JFK-26-8671,Meridian Travel Retail,300500,JFK-T4,300500-JFK-T4,2026-09-24,2026-10-21,USD,STANDARD,,
DOC-00060,MTR-SIN-26-2232,Meridian Travel Retail,300500,SIN-T1,300500-SIN-T1,2026-09-17,2026-09-28,USD,STANDARD,,
DOC-00060,MTR-CDG-26-5916,Meridian Travel Retail,300500,CDG-2E,300500-CDG-2E,2026-09-17,2026-10-03,EUR,STANDARD,,
DOC-00061,MTR-DXB-26-4943,Meridian Travel Retail,300500,DXB-T3,300500-DXB-T3,2026-09-23,2026-09-18,USD,STANDARD,,
DOC-00061,MTR-JFK-26-7492,Meridian Travel Retail,300500,JFK-T4,300500-JFK-T4,2026-09-23,2026-10-24,EUR,STANDARD,,
DOC-00061,MTR-CDG-26-2490,Meridian Travel Retail,300500,CDG-2E,300500-CDG-2E,2026-09-23,2026-10-09,EUR,STANDARD,,
DOC-00061,MTR-LHR-26-6748,Meridian Travel Retail,300500,LHR-T5,300500-LHR-T5,2026-09-23,2026-10-06,USD,STANDARD,,
DOC-00062,MTR-JFK-26-1318,Meridian Travel Retail,300500,JFK-T4,300500-JFK-T4,2026-09-07,2026-09-14,USD,STANDARD,,
DOC-00062,MTR-DXB-26-9176,Meridian Travel Retail,300500,DXB-T3,300500-DXB-T3,2026-09-07,2026-09-21,USD,STANDARD,,
DOC-00063,MTR-CDG-26-7032,Meridian Travel Retail,300500,CDG-2E,300500-CDG-2E,2026-09-10,2026-10-05,EUR,STANDARD,,
DOC-00063,MTR-DXB-26-9531,Meridian Travel Retail,300500,DXB-T3,300500-DXB-T3,2026-09-10,2026-09-25,USD,STANDARD,,
DOC-00063,MTR-JFK-26-4461,Meridian Travel Retail,300500,JFK-T4,300500-JFK-T4,2026-09-10,2026-10-06,USD,STANDARD,,
DOC-00064,MTR-JFK-26-1304,Meridian Travel Retail,300500,JFK-T4,300500-JFK-T4,2026-09-01,2026-09-21,USD,STANDARD,,
DOC-00064,MTR-CDG-26-4779,Meridian Travel Retail,300500,CDG-2E,300500-CDG-2E,2026-09-01,2026-09-28,EUR,STANDARD,,
DOC-00064,MTR-DXB-26-7119,Meridian Travel Retail,300500,DXB-T3,300500-DXB-T3,2026-09-01,2026-09-08,EUR,STANDARD,,
DOC-00064,MTR-SIN-26-2231,Meridian Travel Retail,300500,SIN-T1,300500-SIN-T1,2026-09-01,2026-09-14,USD,STANDARD,,
DOC-00065,MTR-DXB-26-7370,Meridian Travel Retail FZE,300500,DXB-T3,300500-DXB-T3,2026-09-28,2026-10-05,USD,STANDARD,,
DOC-00065,MTR-SIN-26-7975,Meridian Travel Retail FZE,300500,SIN-T1,300500-SIN-T1,2026-09-28,2026-10-20,USD,STANDARD,,
DOC-00065,MTR-CDG-26-1507,Meridian Travel Retail FZE,300500,CDG-2E,300500-CDG-2E,2026-09-28,2026-10-20,EUR,STANDARD,,
DOC-00065,MTR-JFK-26-4476,Meridian Travel Retail FZE,300500,JFK-T4,300500-JFK-T4,2026-09-28,2026-10-22,USD,STANDARD,,
DOC-00066,MTR-CDG-26-7170,MERIDIAN TR,300500,CDG-2E,300500-CDG-2E,2026-09-13,2026-10-08,EUR,STANDARD,,
DOC-00066,MTR-SIN-26-8130,MERIDIAN TR,300500,SIN-T1,300500-SIN-T1,2026-09-13,2026-10-02,USD,STANDARD,,
DOC-00067,MTR-CDG-26-7275,Meridian Travel Retail,300500,CDG-2E,300500-CDG-2E,2026-09-24,2026-10-15,EUR,STANDARD,,
DOC-00067,MTR-SIN-26-4859,Meridian Travel Retail,300500,SIN-T1,300500-SIN-T1,2026-09-24,2026-10-13,USD,STANDARD,,
DOC-00068,MTR-JFK-26-7096,Meridian Travel Retail,300500,JFK-T4,300500-JFK-T4,2026-09-11,2026-10-05,USD,STANDARD,,
DOC-00068,MTR-DXB-26-6124,Meridian Travel Retail,300500,DXB-T3,300500-DXB-T3,2026-09-11,2026-09-28,EUR,STANDARD,,
DOC-00068,MTR-SIN-26-6179,Meridian Travel Retail,300500,SIN-T1,300500-SIN-T1,2026-09-11,2026-09-28,USD,STANDARD,,
DOC-00069,MTR-LHR-26-6250,Meridian Duty Free,300500,LHR-T5,300500-LHR-T5,2026-09-27,2026-10-16,USD,STANDARD,,
DOC-00069,MTR-SIN-26-2041,Meridian Duty Free,300500,SIN-T1,300500-SIN-T1,2026-09-27,2026-10-26,USD,STANDARD,,
DOC-00069,MTR-DXB-26-2946,Meridian Duty Free,300500,DXB-T3,300500-DXB-T3,2026-09-27,2026-10-12,EUR,STANDARD,,
DOC-00070,MTR-JFK-26-6752,Meridian Travel Retail FZE,300500,JFK-T4,300500-JFK-T4,2026-09-20,2026-10-17,USD,STANDARD,,
DOC-00070,MTR-SIN-26-4410,Meridian Travel Retail FZE,300500,SIN-T1,300500-SIN-T1,2026-09-20,2026-10-19,USD,STANDARD,,
DOC-00071,MTR-CDG-26-2311,MERIDIAN TR,300500,CDG-2E,300500-CDG-2E,2026-09-04,2026-09-28,EUR,STANDARD,,
DOC-00071,MTR-DXB-26-4881,MERIDIAN TR,300500,DXB-T3,300500-DXB-T3,2026-09-04,2026-09-25,USD,STANDARD,,
DOC-00071,MTR-SIN-26-6152,MERIDIAN TR,300500,SIN-T1,300500-SIN-T1,2026-09-04,2026-09-14,USD,STANDARD,,
DOC-00071,MTR-LHR-26-9226,MERIDIAN TR,300500,LHR-T5,300500-LHR-T5,2026-09-04,2026-09-01,USD,STANDARD,,
DOC-00072,MTR-DXB-26-7225,Meridian Travel Retail,300500,DXB-T3,300500-DXB-T3,2026-09-22,2026-10-19,EUR,STANDARD,,
DOC-00072,MTR-SIN-26-5945,Meridian Travel Retail,300500,SIN-T1,300500-SIN-T1,2026-09-22,2026-09-29,USD,STANDARD,,
DOC-00072,MTR-LHR-26-5256,Meridian Travel Retail,300500,LHR-T5,300500-LHR-T5,2026-09-22,2026-10-15,USD,STANDARD,,
DOC-00073,MTR-JFK-26-5068,Meridian Travel Retail,300500,JFK-T4,300500-JFK-T4,2026-09-27,2026-10-19,USD,STANDARD,,
DOC-00073,MTR-DXB-26-9812,Meridian Travel Retail,300500,DXB-T3,300500-DXB-T3,2026-09-27,2026-10-09,EUR,STANDARD,,
DOC-00073,MTR-CDG-26-1133,Meridian Travel Retail,300500,CDG-2E,300500-CDG-2E,2026-09-27,2026-10-21,EUR,STANDARD,,
DOC-00073,MTR-LHR-26-9886,Meridian Travel Retail,300500,LHR-T5,300500-LHR-T5,2026-09-27,2026-10-17,EUR,STANDARD,,
DOC-00074,MTR-JFK-26-7707,Meridian Duty Free,300500,JFK-T4,300500-JFK-T4,2026-09-12,2026-10-10,USD,STANDARD,,
DOC-00074,MTR-LHR-26-7908,Meridian Duty Free,300500,LHR-T5,300500-LHR-T5,2026-09-12,2026-10-06,USD,STANDARD,,
DOC-00074,MTR-CDG-26-7329,Meridian Duty Free,300500,CDG-2E,300500-CDG-2E,2026-09-12,2026-09-21,EUR,STANDARD,,
DOC-00075,BH-5454439,BeautyHaus Online GmbH,200600,Fulfillment Center Köln,200600-CGN,2026-09-05,2026-09-14,EUR,STANDARD,,
DOC-00076,BH-5056217,BEAUTY HAUS,200600,Fulfillment Center Köln,200600-CGN,2026-09-23,2026-10-09,EUR,STANDARD,,
DOC-00077,BH-7768958,BeautyHaus Online,200600,Fulfillment Center Leipzig,200600-LEJ,2026-09-03,2026-09-28,EUR,STANDARD,,
DOC-00078,BH-8649592,BeautyHaus Online,200600,Fulfillment Center Köln,200600-CGN,2026-09-09,2026-09-05,EUR,STANDARD,,
DOC-00079,BH-5856554,Beautyhaus.de,200600,Fulfillment Center Leipzig,200600-LEJ,2026-09-06,2026-09-04,EUR,STANDARD,,
DOC-00080,BH-4914714,BeautyHaus Online,200600,Fulfillment Center Köln,200600-CGN,2026-09-23,2026-10-05,EUR,STANDARD,,
DOC-00081,BH-5886670,Beautyhaus.de,200600,Fulfillment Center Leipzig,200600-LEJ,2026-09-01,2026-09-29,EUR,STANDARD,,
DOC-00082,BH-5783664,BEAUTY HAUS,200600,Fulfillment Center Köln,200600-CGN,2026-09-15,2026-10-05,EUR,STANDARD,,
DOC-00083,BH-8061209,BeautyHaus Online,200600,Fulfillment Center Leipzig,200600-LEJ,2026-09-15,2026-10-12,EUR,STANDARD,,
DOC-00084,BH-4485520,BeautyHaus Online,200600,Fulfillment Center Köln,200600-CGN,2026-09-02,2026-09-19,EUR,STANDARD,,
DOC-00085,BH-2876737,BeautyHaus Online,200600,Fulfillment Center Leipzig,200600-LEJ,2026-09-09,2026-10-06,EUR,STANDARD,,
DOC-00086,BH-6971715,BeautyHaus Online,200600,Fulfillment Center Köln,200600-CGN,2026-09-26,2026-10-12,EUR,STANDARD,,
DOC-00087,BH-5421254,BeautyHaus Online,200600,Fulfillment Center Leipzig,200600-LEJ,2026-09-17,2026-09-28,EUR,STANDARD,,
DOC-00088,BH-1432349,BeautyHaus Online,200600,Fulfillment Center Leipzig,200600-LEJ,2026-09-23,2026-10-02,EUR,STANDARD,,
DOC-00089,BH-3370791,BeautyHaus Online,200600,Fulfillment Center Leipzig,200600-LEJ,2026-09-14,2026-10-05,EUR,STANDARD,,
DOC-00090,BH-9775171,Beautyhaus.de,200600,Fulfillment Center Köln,200600-CGN,2026-09-27,2026-09-26,EUR,STANDARD,,
DOC-00091,ANT/PO/26/0500,Al Noor Trading LLC,300700,Jebel Ali Free Zone Warehouse,300700-JAFZ,2026-09-28,2026-10-31,AED,STANDARD,,
DOC-00092,ANT/PO/26/0683,Al Noor Trading,300700,Jebel Ali Free Zone Warehouse,300700-JAFZ,2026-09-06,2026-09-25,AED,STANDARD,,
DOC-00093,ANT/PO/26/0662,Al Noor Trading,300700,Abu Dhabi Mussafah Warehouse,300700-AUH,2026-09-08,2026-09-21,AED,STANDARD,,
DOC-00094,ANT/PO/26/0241,Al Noor Trading,300700,Jebel Ali Free Zone Warehouse,300700-JAFZ,2026-09-17,2026-10-12,AED,STANDARD,,
DOC-00095,ANT/PO/26/0344,Al Noor Trading,300700,Abu Dhabi Mussafah Warehouse,300700-AUH,2026-09-15,2026-09-28,AED,STANDARD,,
DOC-00096,ANT/PO/26/0301,AL-NOOR TRADING CO.,300700,Jebel Ali Free Zone Warehouse,300700-JAFZ,2026-09-18,2026-10-05,AED,STANDARD,,
DOC-00097,ANT/PO/26/0291,Al Noor Trading,300700,Jebel Ali Free Zone Warehouse,300700-JAFZ,2026-09-07,2026-09-26,AED,STANDARD,,
DOC-00098,ANT/PO/26/0728,Al Noor Trading,300700,Jebel Ali Free Zone Warehouse,300700-JAFZ,2026-09-03,2026-09-18,AED,STANDARD,,
DOC-00099,ANT/PO/26/0736,AL-NOOR TRADING CO.,300700,Jebel Ali Free Zone Warehouse,300700-JAFZ,2026-09-27,2026-10-06,AED,STANDARD,,
DOC-00100,ANT/PO/26/0679,Al Noor Trading LLC,300700,Jebel Ali Free Zone Warehouse,300700-JAFZ,2026-09-21,2026-10-16,AED,STANDARD,,
DOC-00101,ANT/PO/26/0627,Alnoor General Trading,300700,Abu Dhabi Mussafah Warehouse,300700-AUH,2026-09-09,2026-10-07,AED,STANDARD,,
DOC-00102,ANT/PO/26/0868,Al Noor Trading,300700,Jebel Ali Free Zone Warehouse,300700-JAFZ,2026-09-09,2026-09-28,AED,STANDARD,,
DOC-00103,,KSS,400800,Park Royal Depot,400800-PRY,2026-09-11,2026-09-25,GBP,STANDARD,,
DOC-00104,,Kensington Salon Supply,400800,Park Royal Depot,400800-PRY,2026-09-07,2026-09-06,GBP,STANDARD,,
DOC-00105,KSS7231,Kensington Salon Supply,400800,Manchester Depot,400800-MAN,2026-09-07,2026-09-28,GBP,STANDARD,,
DOC-00106,KSS7842,KSS,400800,Manchester Depot,400800-MAN,2026-09-24,2026-10-19,GBP,STANDARD,,
DOC-00107,KSS7257,Kensington Salons,400800,Park Royal Depot,400800-PRY,2026-09-12,2026-09-23,GBP,STANDARD,,
DOC-00108,,Kensington Salons,400800,Manchester Depot,400800-MAN,2026-09-08,2026-09-18,GBP,STANDARD,,
DOC-00109,KSS7680,Kensington Salon Supply,400800,Manchester Depot,400800-MAN,2026-09-20,2026-09-15,GBP,STANDARD,,
DOC-00110,KSS7513,Kensington Salons,400800,Manchester Depot,400800-MAN,2026-09-15,2026-10-12,GBP,STANDARD,,
DOC-00111,KSS7642,Kensington Salon Supply,400800,Park Royal Depot,400800-PRY,2026-09-20,2026-10-01,GBP,STANDARD,,
DOC-00112,,Kensington Salons,400800,Park Royal Depot,400800-PRY,2026-09-07,2026-10-02,GBP,STANDARD,,
DOC-00113,KSS4730,Kensington Salon Supplies Ltd,400800,Park Royal Depot,400800-PRY,2026-09-22,2026-10-19,GBP,STANDARD,,
DOC-00114,,Kensington Salon Supplies Ltd,400800,Park Royal Depot,400800-PRY,2026-09-26,2026-10-19,GBP,STANDARD,,
DOC-00115,KSS2122,Kensington Salon Supply,400800,Park Royal Depot,400800-PRY,2026-09-04,2026-09-28,GBP,STANDARD,,
DOC-00116,,Kensington Salon Supply,400800,Park Royal Depot,400800-PRY,2026-09-03,2026-09-24,GBP,STANDARD,,
DOC-00117,KSS2638,Kensington Salons,400800,Manchester Depot,400800-MAN,2026-09-17,2026-10-15,GBP,STANDARD,,
DOC-00118,,Kensington Salons,400800,Manchester Depot,400800-MAN,2026-09-01,2026-09-15,GBP,STANDARD,,
DOC-00119,NB-575058,Northbay Drug Co.,100900,Portland DC,100900-PDX,2026-09-04,2026-09-11,USD,STANDARD,,
DOC-00120,NB-329993,Northbay Drug,100900,Sacramento DC,100900-SAC,2026-09-10,2026-10-05,USD,STANDARD,,
DOC-00121,NB-534506,NORTHBAY DRUG STORES,100900,Portland DC,100900-PDX,2026-09-28,2026-10-10,USD,STANDARD,,
DOC-00122,NB-745622,Northbay Drug,100900,Sacramento DC,100900-SAC,2026-09-13,2026-09-28,USD,STANDARD,,
DOC-00123,NB-705137,Northbay Drug,100900,Portland DC,100900-PDX,2026-09-12,2026-10-09,USD,STANDARD,,
DOC-00124,NB-853862,Northbay Drug,100900,Sacramento DC,100900-SAC,2026-09-11,2026-09-28,USD,STANDARD,,
DOC-00125,NB-315022,Northbay Drug,100900,Portland DC,100900-PDX,2026-09-19,2026-10-12,USD,STANDARD,,
DOC-00126,NB-185498,Northbay Drug,100900,Portland DC,100900-PDX,2026-09-09,2026-09-05,USD,STANDARD,,
DOC-00127,NB-767645,Northbay Pharmacy,100900,Portland DC,100900-PDX,2026-09-24,2026-10-07,USD,STANDARD,,
DOC-00128,NB-652657,NORTHBAY DRUG STORES,100900,Sacramento DC,100900-SAC,2026-09-28,2026-10-08,USD,STANDARD,,
DOC-00129,NB-603443,Northbay Drug,100900,Sacramento DC,100900-SAC,2026-09-09,2026-09-16,USD,STANDARD,,
DOC-00130,NB-480558,Northbay Drug,100900,Sacramento DC,100900-SAC,2026-09-01,2026-09-22,USD,STANDARD,,
DOC-00131,NB-776218,Northbay Pharmacy,100900,Sacramento DC,100900-SAC,2026-09-17,2026-10-05,USD,STANDARD,,
DOC-00132,NB-181383,Northbay Drug,100900,Sacramento DC,100900-SAC,2026-09-15,2026-09-29,USD,STANDARD,,
DOC-00133,NB-442633,NORTHBAY DRUG STORES,100900,Portland DC,100900-PDX,2026-09-27,2026-10-23,USD,STANDARD,,
DOC-00134,NB-367037,Northbay Drug Co.,100900,Sacramento DC,100900-SAC,2026-09-07,2026-10-02,USD,STANDARD,,
DOC-00135,HV-706336,HARLOW & VALE LTD,401000,Oxford Street Store,401000-OXF,2026-09-21,2026-09-28,GBP,STANDARD,,
DOC-00136,HV-178493,Harlow & Vale,401000,Oxford Street Store,401000-OXF,2026-09-28,2026-10-20,GBP,STANDARD,,
DOC-00137,HV-831522,Harlow & Vale,401000,Oxford Street Store,401000-OXF,2026-09-05,2026-09-24,GBP,STANDARD,,
DOC-00138,HV-510346,Harlow Vale Oxford St,401000,Milton Keynes DC,401000-MKDC,2026-09-21,2026-10-01,GBP,STANDARD,,
DOC-00139,HV-818150,Harlow & Vale,401000,Oxford Street Store,401000-OXF,2026-09-13,2026-10-01,GBP,STANDARD,,
DOC-00140,HV-624331,Harlow & Vale,401000,Milton Keynes DC,401000-MKDC,2026-09-18,2026-09-28,GBP,STANDARD,,
DOC-00141,HV-554261,Harlow & Vale,401000,Oxford Street Store,401000-OXF,2026-09-01,2026-09-19,GBP,STANDARD,,
DOC-00142,HV-701128,Harlow & Vale,401000,Oxford Street Store,401000-OXF,2026-09-21,2026-10-01,GBP,STANDARD,,
DOC-00143,HV-354103,HARLOW & VALE LTD,401000,Oxford Street Store,401000-OXF,2026-09-23,2026-10-02,GBP,STANDARD,,
DOC-00144,HV-550842,Harlow Vale Oxford St,401000,Milton Keynes DC,401000-MKDC,2026-09-11,2026-10-05,GBP,STANDARD,,
DOC-00145,HV-451113,HARLOW & VALE LTD,401000,Milton Keynes DC,401000-MKDC,2026-09-12,2026-10-08,GBP,STANDARD,,
DOC-00146,HV-871981,Harlow & Vale,401000,Oxford Street Store,401000-OXF,2026-09-02,2026-09-29,GBP,STANDARD,,
DOC-00147,HV-626326,HARLOW & VALE LTD,401000,Milton Keynes DC,401000-MKDC,2026-09-05,2026-09-14,GBP,STANDARD,,
DOC-00148,HV-280852,Harlow & Vale,401000,Milton Keynes DC,401000-MKDC,2026-09-05,2026-09-29,GBP,STANDARD,,
DOC-00149,HV-316277,Harlow and Vale plc,401000,Milton Keynes DC,401000-MKDC,2026-09-12,2026-09-28,GBP,STANDARD,,
DOC-00150,HV-572437,Harlow and Vale plc,401000,Oxford Street Store,401000-OXF,2026-09-26,2026-09-20,GBP,STANDARD,,
DOC-00151,,,200651,MUC1,200651-MUC1,2026-09-02,,EUR,STANDARD,,
DOC-00152,KW37,,200654,LEJ1,200654-LEJ1,2026-09-10,,EUR,STANDARD,,
DOC-00153,AB,Duft & Pflege Kremer,200653,CGN1,200653-CGN1,2026-09-05,,EUR,STANDARD,,
DOC-00154,,Parfümerie Lindqvist,200652,HAM1,200652-HAM1,2026-09-07,,EUR,STANDARD,,
DOC-00155,,Parfümerie am Markt,200654,LEJ1,200654-LEJ1,2026-09-06,,EUR,STANDARD,,
DOC-00156,KW36,,200653,CGN1,200653-CGN1,2026-09-01,,EUR,STANDARD,,
DOC-00157,KW39,Parfümerie Lindqvist,200652,Filiale Altona,200652-HAM2,2026-09-25,,EUR,STANDARD,,
DOC-00158,AB,,200653,Geschäft Rodenkirchen,200653-CGN2,2026-09-28,,EUR,STANDARD,,
DOC-00159,GR-2026-25203,,100200,Reno,100200-RNO2,2026-09-02,,USD,STANDARD,,
DOC-00160,HV-456261,,401000,Oxford,401000-OXF,2026-09-28,,GBP,STANDARD,,
DOC-00161,HV-811362,,401000,Oxford,401000-OXF,2026-09-04,,GBP,STANDARD,,
DOC-00162,HV-644280,,401000,Oxford,401000-OXF,2026-09-07,,GBP,STANDARD,,
DOC-00163,HV-630307,,401000,Oxford,401000-OXF,2026-09-13,,GBP,STANDARD,,
DOC-00164,HV-387284,,401000,Oxford,401000-OXF,2026-09-15,,GBP,STANDARD,,
DOC-00165,,Dev · KSS Park,400800,Park Royal Depot,400800-PRY,2026-09-25,,GBP,STANDARD,,
DOC-00166,311/26,Giulia · Corso Centro,200400,Negozio Torino Centro,200400-TO01,2026-09-07,,EUR,STANDARD,,
DOC-00167,,Dev · KSS Manchester,400800,Manchester Depot,400800-MAN,2026-09-27,,GBP,STANDARD,,
DOC-00168,,Dev · KSS Manchester,400800,Manchester Depot,400800-MAN,2026-09-04,,GBP,STANDARD,,
DOC-00169,552/26,Giulia · Corso Centro,200400,Negozio Torino Centro,200400-TO01,2026-09-05,,EUR,STANDARD,,
DOC-00170,ANT/PO/26/0837,,300700,Jebel Ali Free Zone Warehouse,300700-JAFZ,2026-09-28,,AED,STANDARD,,
DOC-00171,ANT/PO/26/0962,,300700,Jebel Ali Free Zone Warehouse,300700-JAFZ,2026-09-11,,AED,STANDARD,,
DOC-00172,GR-2026-19090,,100200,Dallas Fulfillment,100200-DAL1,2026-09-24,,USD,STANDARD,,
DOC-00173,ANT/PO/26/0282,,300700,Abu Dhabi Mussafah Warehouse,300700-AUH,2026-09-13,,AED,STANDARD,,
DOC-00174,ANT/PO/26/0212,,300700,Jebel Ali Free Zone Warehouse,300700-JAFZ,2026-09-16,,AED,STANDARD,,
DOC-00175,4593430858,Halcyon Finch NYC,100100,DC 0055,100100-0055,2026-09-10,2026-09-28,USD,AMENDMENT,,4593430858
DOC-00176,4564830696,Halcyon Finch NYC,100100,DC 0055,100100-0055,2026-09-04,2026-09-29,USD,AMENDMENT,,4564830696
DOC-00177,4569870757,Halcyon & Finch,100100,DC 0042,100100-0047,2026-09-16,2026-09-08,USD,AMENDMENT,,4569870757
DOC-00178,ANT/PO/26/0627,Alnoor General Trading,300700,Abu Dhabi Mussafah Warehouse,300700-AUH,2026-09-09,2026-10-07,AED,STANDARD,DOC-00101,
DOC-00179,ANT/PO/26/0241,Al Noor Trading,300700,Jebel Ali Free Zone Warehouse,300700-JAFZ,2026-09-17,2026-10-12,AED,STANDARD,DOC-00094,
DOC-00180,ANT/PO/26/0728,Al Noor Trading,300700,Jebel Ali Free Zone Warehouse,300700-JAFZ,2026-09-04,2026-09-18,AED,AMENDMENT,,ANT/PO/26/0728
DOC-00181,ANT/PO/26/0301,AL-NOOR TRADING CO.,300700,Jebel Ali Free Zone Warehouse,300700-JAFZ,2026-09-21,2026-10-05,AED,AMENDMENT,,ANT/PO/26/0301
DOC-00182,GR-2026-90540,Glow Republic LLC,100200,RNO2,100200-RNO2,2026-09-02,2026-09-10,USD,STANDARD,DOC-00028,
DOC-00183,GR-2026-13506,Glow Republic,100200,DAL1,100200-DAL1,2026-09-22,2026-10-20,USD,STANDARD,DOC-00017,
DOC-00184,GR-2026-58265,Glow Rep.,100200,DAL1,100200-DAL1,2026-09-26,2026-10-16,USD,STANDARD,DOC-00022,
